date,ticker,ret
2010-01-01,MSFT,-0.0755
2010-01-01,KO,-0.0482
2010-01-01,XOM,-0.0551
2010-01-01,IBM,-0.065
2010-01-01,CVX,-0.0633
2010-01-01,AAPL,-0.0886
2010-01-01,UTX,-0.0278
2010-01-01,PG,0.0224
2010-01-01,DOW,-0.0195
2010-01-01,CAT,-0.076
2010-01-01,WBA,-0.0182
2010-01-01,BA,0.1195
2010-01-01,PFE,0.0258
2010-01-01,JNJ,-0.0241
2010-01-01,MMM,-0.0264
2010-01-01,MRK,0.0449
2010-01-01,DIS,-0.0837
2010-01-01,MCD,-0.0002
2010-01-01,JPM,-0.0643
2010-01-01,WMT,-0.0004
2010-01-01,NKE,-0.0351
2010-01-01,AXP,-0.0661
2010-01-01,INTC,-0.049
2010-01-01,TRV,0.0162
2010-01-01,VZ,-0.0976
2010-01-01,HD,-0.0318
2010-01-01,CSCO,-0.0614
2010-01-01,GS,-0.1192
2010-01-01,V,-0.0621
2010-01-01,UNH,0.0827
2010-02-01,MSFT,0.022
2010-02-01,KO,-0.0282
2010-02-01,XOM,0.0154
2010-02-01,IBM,0.0435
2010-02-01,CVX,0.0119
2010-02-01,AAPL,0.0654
2010-02-01,UTX,0.0236
2010-02-01,PG,0.0281
2010-02-01,DOW,0.045
2010-02-01,CAT,0.0921
2010-02-01,WBA,-0.0187
2010-02-01,BA,0.0492
2010-02-01,PFE,-0.0498
2010-02-01,JNJ,0.01
2010-02-01,MMM,0.0023
2010-02-01,MRK,-0.034
2010-02-01,DIS,0.0572
2010-02-01,MCD,0.0316
2010-02-01,JPM,0.0778
2010-02-01,WMT,0.012
2010-02-01,NKE,0.0604
2010-02-01,AXP,0.0141
2010-02-01,INTC,0.0664
2010-02-01,TRV,0.0379
2010-02-01,VZ,-0.0167
2010-02-01,HD,0.1139
2010-02-01,CSCO,0.0828
2010-02-01,GS,0.0537
2010-02-01,V,0.0411
2010-02-01,UNH,0.0261
2010-03-01,MSFT,0.0215
2010-03-01,KO,0.0516
2010-03-01,XOM,0.0305
2010-03-01,IBM,0.0086
2010-03-01,CVX,0.0488
2010-03-01,AAPL,0.1485
2010-03-01,UTX,0.0723
2010-03-01,PG,-0.0002
2010-03-01,DOW,0.0498
2010-03-01,CAT,0.1017
2010-03-01,WBA,0.0525
2010-03-01,BA,0.1496
2010-03-01,PFE,-0.0228
2010-03-01,JNJ,0.0349
2010-03-01,MMM,0.0427
2010-03-01,MRK,0.023
2010-03-01,DIS,0.1175
2010-03-01,MCD,0.0449
2010-03-01,JPM,0.0662
2010-03-01,WMT,0.0339
2010-03-01,NKE,0.0913
2010-03-01,AXP,0.0851
2010-03-01,INTC,0.0857
2010-03-01,TRV,0.0319
2010-03-01,VZ,0.0722
2010-03-01,HD,0.0444
2010-03-01,CSCO,0.0699
2010-03-01,GS,0.0913
2010-03-01,V,0.0674
2010-03-01,UNH,-0.0351
2010-04-01,MSFT,0.0426
2010-04-01,KO,-0.0282
2010-04-01,XOM,0.0118
2010-04-01,IBM,0.0058
2010-04-01,CVX,0.074
2010-04-01,AAPL,0.111
2010-04-01,UTX,0.0182
2010-04-01,PG,-0.0099
2010-04-01,DOW,0.0426
2010-04-01,CAT,0.0901
2010-04-01,WBA,-0.0523
2010-04-01,BA,-0.0025
2010-04-01,PFE,-0.0251
2010-04-01,JNJ,-0.0138
2010-04-01,MMM,0.061
2010-04-01,MRK,-0.0618
2010-04-01,DIS,0.0553
2010-04-01,MCD,0.058
2010-04-01,JPM,-0.0474
2010-04-01,WMT,-0.0353
2010-04-01,NKE,0.0328
2010-04-01,AXP,0.1178
2010-04-01,INTC,0.0247
2010-04-01,TRV,-0.0593
2010-04-01,VZ,-0.053
2010-04-01,HD,0.089
2010-04-01,CSCO,0.0346
2010-04-01,GS,-0.149
2010-04-01,V,-0.0088
2010-04-01,UNH,-0.0713
2010-05-01,MSFT,-0.1508
2010-05-01,KO,-0.0384
2010-05-01,XOM,-0.1014
2010-05-01,IBM,-0.024
2010-05-01,CVX,-0.0841
2010-05-01,AAPL,-0.0161
2010-05-01,UTX,-0.0953
2010-05-01,PG,-0.0172
2010-05-01,DOW,-0.1271
2010-05-01,CAT,-0.1077
2010-05-01,WBA,-0.0846
2010-05-01,BA,-0.1081
2010-05-01,PFE,-0.0783
2010-05-01,JNJ,-0.0849
2010-05-01,MMM,-0.0996
2010-05-01,MRK,-0.0385
2010-05-01,DIS,-0.0928
2010-05-01,MCD,-0.0449
2010-05-01,JPM,-0.0705
2010-05-01,WMT,-0.0518
2010-05-01,NKE,-0.0465
2010-05-01,AXP,-0.1355
2010-05-01,INTC,-0.0553
2010-05-01,TRV,-0.025
2010-05-01,VZ,-0.0478
2010-05-01,HD,-0.0389
2010-05-01,CSCO,-0.14
2010-05-01,GS,-0.0041
2010-05-01,V,-0.1956
2010-05-01,UNH,-0.0409
2010-06-01,MSFT,-0.1081
2010-06-01,KO,-0.0163
2010-06-01,XOM,-0.0561
2010-06-01,IBM,-0.0142
2010-06-01,CVX,-0.0814
2010-06-01,AAPL,-0.0208
2010-06-01,UTX,-0.0367
2010-06-01,PG,-0.0182
2010-06-01,DOW,-0.113
2010-06-01,CAT,-0.0114
2010-06-01,WBA,-0.1667
2010-06-01,BA,-0.0223
2010-06-01,PFE,-0.0637
2010-06-01,JNJ,0.013
2010-06-01,MMM,-0.004
2010-06-01,MRK,0.0493
2010-06-01,DIS,-0.0575
2010-06-01,MCD,-0.015
2010-06-01,JPM,-0.075
2010-06-01,WMT,-0.0492
2010-06-01,NKE,-0.063
2010-06-01,AXP,0.0003
2010-06-01,INTC,-0.092
2010-06-01,TRV,0.0028
2010-06-01,VZ,0.0182
2010-06-01,HD,-0.164
2010-06-01,CSCO,-0.0799
2010-06-01,GS,-0.09
2010-06-01,V,-0.0236
2010-06-01,UNH,-0.0187
2010-07-01,MSFT,0.1217
2010-07-01,KO,0.0996
2010-07-01,XOM,0.0457
2010-07-01,IBM,0.0398
2010-07-01,CVX,0.123
2010-07-01,AAPL,0.0227
2010-07-01,UTX,0.0954
2010-07-01,PG,0.0277
2010-07-01,DOW,0.1522
2010-07-01,CAT,0.1685
2010-07-01,WBA,0.0693
2010-07-01,BA,0.0859
2010-07-01,PFE,0.0519
2010-07-01,JNJ,-0.0164
2010-07-01,MMM,0.0829
2010-07-01,MRK,-0.0146
2010-07-01,DIS,0.0695
2010-07-01,MCD,0.0586
2010-07-01,JPM,0.1016
2010-07-01,WMT,0.0649
2010-07-01,NKE,0.0902
2010-07-01,AXP,0.1244
2010-07-01,INTC,0.0591
2010-07-01,TRV,0.0244
2010-07-01,VZ,0.1234
2010-07-01,HD,0.0157
2010-07-01,CSCO,0.0826
2010-07-01,GS,0.1489
2010-07-01,V,0.0367
2010-07-01,UNH,0.0722
2010-08-01,MSFT,-0.0858
2010-08-01,KO,0.014
2010-08-01,XOM,-0.0022
2010-08-01,IBM,-0.036
2010-08-01,CVX,-0.0185
2010-08-01,AAPL,-0.055
2010-08-01,UTX,-0.0769
2010-08-01,PG,-0.0244
2010-08-01,DOW,-0.1083
2010-08-01,CAT,-0.0658
2010-08-01,WBA,-0.0524
2010-08-01,BA,-0.0967
2010-08-01,PFE,0.0727
2010-08-01,JNJ,-0.0091
2010-08-01,MMM,-0.0756
2010-08-01,MRK,0.0203
2010-08-01,DIS,-0.0341
2010-08-01,MCD,0.0556
2010-08-01,JPM,-0.0973
2010-08-01,WMT,-0.0146
2010-08-01,NKE,-0.0494
2010-08-01,AXP,-0.1069
2010-08-01,INTC,-0.1348
2010-08-01,TRV,-0.0289
2010-08-01,VZ,0.0162
2010-08-01,HD,-0.0159
2010-08-01,CSCO,-0.1337
2010-08-01,GS,-0.0898
2010-08-01,V,-0.0579
2010-08-01,UNH,0.0417
2010-09-01,MSFT,0.0437
2010-09-01,KO,0.0551
2010-09-01,XOM,0.0453
2010-09-01,IBM,0.0894
2010-09-01,CVX,0.0941
2010-09-01,AAPL,0.1672
2010-09-01,UTX,0.0923
2010-09-01,PG,0.005
2010-09-01,DOW,0.133
2010-09-01,CAT,0.2075
2010-09-01,WBA,0.2463
2010-09-01,BA,0.0885
2010-09-01,PFE,0.0792
2010-09-01,JNJ,0.0866
2010-09-01,MMM,0.1039
2010-09-01,MRK,0.0577
2010-09-01,DIS,0.0172
2010-09-01,MCD,0.0198
2010-09-01,JPM,0.0468
2010-09-01,WMT,0.0674
2010-09-01,NKE,0.1487
2010-09-01,AXP,0.0542
2010-09-01,INTC,0.0869
2010-09-01,TRV,0.0708
2010-09-01,VZ,0.1036
2010-09-01,HD,0.1387
2010-09-01,CSCO,0.0958
2010-09-01,GS,0.0559
2010-09-01,V,0.0765
2010-09-01,UNH,0.1108
2010-10-01,MSFT,0.0888
2010-10-01,KO,0.0478
2010-10-01,XOM,0.0761
2010-10-01,IBM,0.0705
2010-10-01,CVX,0.0191
2010-10-01,AAPL,0.0607
2010-10-01,UTX,0.0497
2010-10-01,PG,0.0681
2010-10-01,DOW,0.1231
2010-10-01,CAT,0.0046
2010-10-01,WBA,0.0113
2010-10-01,BA,0.0616
2010-10-01,PFE,0.0143
2010-10-01,JNJ,0.0287
2010-10-01,MMM,-0.0287
2010-10-01,MRK,-0.0136
2010-10-01,DIS,0.0914
2010-10-01,MCD,0.0438
2010-10-01,JPM,-0.01
2010-10-01,WMT,0.0121
2010-10-01,NKE,0.0162
2010-10-01,AXP,-0.0093
2010-10-01,INTC,0.0443
2010-10-01,TRV,0.0595
2010-10-01,VZ,0.0116
2010-10-01,HD,-0.0246
2010-10-01,CSCO,0.0438
2010-10-01,GS,0.1145
2010-10-01,V,0.0525
2010-10-01,UNH,0.0268
2010-11-01,MSFT,-0.0468
2010-11-01,KO,0.0373
2010-11-01,XOM,0.0528
2010-11-01,IBM,-0.0104
2010-11-01,CVX,-0.011
2010-11-01,AAPL,0.0338
2010-11-01,UTX,0.0124
2010-11-01,PG,-0.0393
2010-11-01,DOW,0.011
2010-11-01,CAT,0.0763
2010-11-01,WBA,0.0338
2010-11-01,BA,-0.0913
2010-11-01,PFE,-0.0537
2010-11-01,JNJ,-0.0259
2010-11-01,MMM,0.0034
2010-11-01,MRK,-0.0507
2010-11-01,DIS,0.0107
2010-11-01,MCD,0.0147
2010-11-01,JPM,-0.0061
2010-11-01,WMT,-0.0015
2010-11-01,NKE,0.0576
2010-11-01,AXP,0.0425
2010-11-01,INTC,0.0631
2010-11-01,TRV,-0.0219
2010-11-01,VZ,-0.0145
2010-11-01,HD,-0.0147
2010-11-01,CSCO,-0.1619
2010-11-01,GS,-0.0288
2010-11-01,V,-0.0532
2010-11-01,UNH,0.013
2010-12-01,MSFT,0.105
2010-12-01,KO,0.0412
2010-12-01,XOM,0.0512
2010-12-01,IBM,0.0375
2010-12-01,CVX,0.127
2010-12-01,AAPL,0.0367
2010-12-01,UTX,0.0458
2010-12-01,PG,0.0534
2010-12-01,DOW,0.0997
2010-12-01,CAT,0.1071
2010-12-01,WBA,0.1179
2010-12-01,BA,0.0234
2010-12-01,PFE,0.0742
2010-12-01,JNJ,0.0049
2010-12-01,MMM,0.0276
2010-12-01,MRK,0.0566
2010-12-01,DIS,0.0383
2010-12-01,MCD,-0.0197
2010-12-01,JPM,0.1342
2010-12-01,WMT,0.0026
2010-12-01,NKE,-0.0046
2010-12-01,AXP,-0.0069
2010-12-01,INTC,-0.006
2010-12-01,TRV,0.0385
2010-12-01,VZ,0.1178
2010-12-01,HD,0.1605
2010-12-01,CSCO,0.0558
2010-12-01,GS,0.077
2010-12-01,V,-0.047
2010-12-01,UNH,-0.0078
2011-01-01,MSFT,-0.0066
2011-01-01,KO,-0.0444
2011-01-01,XOM,0.1034
2011-01-01,IBM,0.1038
2011-01-01,CVX,0.0403
2011-01-01,AAPL,0.052
2011-01-01,UTX,0.0328
2011-01-01,PG,-0.0112
2011-01-01,DOW,0.0393
2011-01-01,CAT,0.0405
2011-01-01,WBA,0.038
2011-01-01,BA,0.0647
2011-01-01,PFE,0.0405
2011-01-01,JNJ,-0.0336
2011-01-01,MMM,0.0188
2011-01-01,MRK,-0.0796
2011-01-01,DIS,0.0363
2011-01-01,MCD,-0.0403
2011-01-01,JPM,0.0606
2011-01-01,WMT,0.0397
2011-01-01,NKE,-0.0344
2011-01-01,AXP,0.0149
2011-01-01,INTC,0.0204
2011-01-01,TRV,0.0099
2011-01-01,VZ,0.0092
2011-01-01,HD,0.0488
2011-01-01,CSCO,0.0455
2011-01-01,GS,-0.027
2011-01-01,V,-0.0075
2011-01-01,UNH,0.1368
2011-02-01,MSFT,-0.0355
2011-02-01,KO,0.017
2011-02-01,XOM,0.0656
2011-02-01,IBM,0.0033
2011-02-01,CVX,0.1005
2011-02-01,AAPL,0.0409
2011-02-01,UTX,0.0328
2011-02-01,PG,-0.0013
2011-02-01,DOW,0.0474
2011-02-01,CAT,0.061
2011-02-01,WBA,0.076
2011-02-01,BA,0.0425
2011-02-01,PFE,0.067
2011-02-01,JNJ,0.037
2011-02-01,MMM,0.0553
2011-02-01,MRK,-0.0181
2011-02-01,DIS,0.1253
2011-02-01,MCD,0.0356
2011-02-01,JPM,0.0389
2011-02-01,WMT,-0.0729
2011-02-01,NKE,0.0794
2011-02-01,AXP,0.0044
2011-02-01,INTC,0.0089
2011-02-01,TRV,0.0652
2011-02-01,VZ,0.0365
2011-02-01,HD,0.019
2011-02-01,CSCO,-0.1225
2011-02-01,GS,0.0031
2011-02-01,V,0.048
2011-02-01,UNH,0.0373
2011-03-01,MSFT,-0.0448
2011-03-01,KO,0.0452
2011-03-01,XOM,-0.0164
2011-03-01,IBM,0.0074
2011-03-01,CVX,0.036
2011-03-01,AAPL,-0.0133
2011-03-01,UTX,0.0133
2011-03-01,PG,-0.023
2011-03-01,DOW,0.0199
2011-03-01,CAT,0.0818
2011-03-01,WBA,-0.0738
2011-03-01,BA,0.0267
2011-03-01,PFE,0.0556
2011-03-01,JNJ,-0.0356
2011-03-01,MMM,0.0138
2011-03-01,MRK,0.0252
2011-03-01,DIS,-0.0149
2011-03-01,MCD,0.0054
2011-03-01,JPM,-0.0126
2011-03-01,WMT,0.0084
2011-03-01,NKE,-0.1462
2011-03-01,AXP,0.0374
2011-03-01,INTC,-0.0601
2011-03-01,TRV,-0.0015
2011-03-01,VZ,0.0439
2011-03-01,HD,-0.0043
2011-03-01,CSCO,-0.0727
2011-03-01,GS,-0.0316
2011-03-01,V,0.0078
2011-03-01,UNH,0.0645
2011-04-01,MSFT,0.0209
2011-04-01,KO,0.0169
2011-04-01,XOM,0.0458
2011-04-01,IBM,0.0461
2011-04-01,CVX,0.0181
2011-04-01,AAPL,0.0047
2011-04-01,UTX,0.0582
2011-04-01,PG,0.0621
2011-04-01,DOW,0.0858
2011-04-01,CAT,0.0404
2011-04-01,WBA,0.0643
2011-04-01,BA,0.0791
2011-04-01,PFE,0.0325
2011-04-01,JNJ,0.1092
2011-04-01,MMM,0.0397
2011-04-01,MRK,0.0891
2011-04-01,DIS,0.0002
2011-04-01,MCD,0.0292
2011-04-01,JPM,-0.0048
2011-04-01,WMT,0.0563
2011-04-01,NKE,0.0875
2011-04-01,AXP,0.0898
2011-04-01,INTC,0.1472
2011-04-01,TRV,0.0639
2011-04-01,VZ,-0.0071
2011-04-01,HD,0.0024
2011-04-01,CSCO,0.0216
2011-04-01,GS,-0.0479
2011-04-01,V,0.0611
2011-04-01,UNH,0.0892
2011-05-01,MSFT,-0.0289
2011-05-01,KO,-0.0096
2011-05-01,XOM,-0.0459
2011-05-01,IBM,-0.0053
2011-05-01,CVX,-0.0343
2011-05-01,AAPL,-0.0066
2011-05-01,UTX,-0.0148
2011-05-01,PG,0.0324
2011-05-01,DOW,-0.1186
2011-05-01,CAT,-0.0833
2011-05-01,WBA,0.0254
2011-05-01,BA,-0.0167
2011-05-01,PFE,0.0324
2011-05-01,JNJ,0.0326
2011-05-01,MMM,-0.0235
2011-05-01,MRK,0.0223
2011-05-01,DIS,-0.0341
2011-05-01,MCD,0.049
2011-05-01,JPM,-0.0524
2011-05-01,WMT,0.011
2011-05-01,NKE,0.0259
2011-05-01,AXP,0.0513
2011-05-01,INTC,-0.0198
2011-05-01,TRV,-0.019
2011-05-01,VZ,-0.0225
2011-05-01,HD,-0.0234
2011-05-01,CSCO,-0.0411
2011-05-01,GS,-0.0658
2011-05-01,V,0.0396
2011-05-01,UNH,-0.0057
2011-06-01,MSFT,0.0396
2011-06-01,KO,0.0142
2011-06-01,XOM,-0.025
2011-06-01,IBM,0.0155
2011-06-01,CVX,-0.0197
2011-06-01,AAPL,-0.035
2011-06-01,UTX,0.0084
2011-06-01,PG,-0.0512
2011-06-01,DOW,0.0033
2011-06-01,CAT,0.0062
2011-06-01,WBA,-0.0268
2011-06-01,BA,-0.0525
2011-06-01,PFE,-0.0396
2011-06-01,JNJ,-0.0114
2011-06-01,MMM,0.005
2011-06-01,MRK,-0.0294
2011-06-01,DIS,-0.0622
2011-06-01,MCD,0.0341
2011-06-01,JPM,-0.0532
2011-06-01,WMT,-0.0377
2011-06-01,NKE,0.0692
2011-06-01,AXP,0.0054
2011-06-01,INTC,-0.0155
2011-06-01,TRV,-0.053
2011-06-01,VZ,0.0081
2011-06-01,HD,0.0052
2011-06-01,CSCO,-0.0708
2011-06-01,GS,-0.0543
2011-06-01,V,0.0395
2011-06-01,UNH,0.057
2011-07-01,MSFT,0.0538
2011-07-01,KO,0.0107
2011-07-01,XOM,-0.0195
2011-07-01,IBM,0.06
2011-07-01,CVX,0.0115
2011-07-01,AAPL,0.1633
2011-07-01,UTX,-0.0641
2011-07-01,PG,-0.0245
2011-07-01,DOW,-0.0314
2011-07-01,CAT,-0.0677
2011-07-01,WBA,-0.0805
2011-07-01,BA,-0.0468
2011-07-01,PFE,-0.0656
2011-07-01,JNJ,-0.026
2011-07-01,MMM,-0.0813
2011-07-01,MRK,-0.0329
2011-07-01,DIS,-0.0108
2011-07-01,MCD,0.0256
2011-07-01,JPM,-0.0059
2011-07-01,WMT,-0.0081
2011-07-01,NKE,0.0019
2011-07-01,AXP,-0.0321
2011-07-01,INTC,0.0077
2011-07-01,TRV,-0.0557
2011-07-01,VZ,-0.039
2011-07-01,HD,-0.0356
2011-07-01,CSCO,0.0269
2011-07-01,GS,0.0141
2011-07-01,V,0.0152
2011-07-01,UNH,-0.0378
2011-08-01,MSFT,-0.0234
2011-08-01,KO,0.0359
2011-08-01,XOM,-0.0664
2011-08-01,IBM,-0.0505
2011-08-01,CVX,-0.0423
2011-08-01,AAPL,-0.0145
2011-08-01,UTX,-0.0979
2011-08-01,PG,0.0356
2011-08-01,DOW,-0.1841
2011-08-01,CAT,-0.0789
2011-08-01,WBA,-0.0923
2011-08-01,BA,-0.0453
2011-08-01,PFE,-0.0036
2011-08-01,JNJ,0.0244
2011-08-01,MMM,-0.0414
2011-08-01,MRK,-0.0303
2011-08-01,DIS,-0.1181
2011-08-01,MCD,0.0525
2011-08-01,JPM,-0.0714
2011-08-01,WMT,0.016
2011-08-01,NKE,-0.0388
2011-08-01,AXP,-0.0066
2011-08-01,INTC,-0.0891
2011-08-01,TRV,-0.0847
2011-08-01,VZ,0.0248
2011-08-01,HD,-0.0372
2011-08-01,CSCO,-0.0188
2011-08-01,GS,-0.1363
2011-08-01,V,0.0291
2011-08-01,UNH,-0.0425
2011-09-01,MSFT,-0.0643
2011-09-01,KO,-0.0344
2011-09-01,XOM,-0.0188
2011-09-01,IBM,0.0172
2011-09-01,CVX,-0.0632
2011-09-01,AAPL,-0.0091
2011-09-01,UTX,-0.0524
2011-09-01,PG,-0.0079
2011-09-01,DOW,-0.2018
2011-09-01,CAT,-0.1886
2011-09-01,WBA,-0.0659
2011-09-01,BA,-0.095
2011-09-01,PFE,-0.0685
2011-09-01,JNJ,-0.0321
2011-09-01,MMM,-0.1349
2011-09-01,MRK,-0.0005
2011-09-01,DIS,-0.1145
2011-09-01,MCD,-0.0286
2011-09-01,JPM,-0.1981
2011-09-01,WMT,-0.0243
2011-09-01,NKE,-0.0096
2011-09-01,AXP,-0.0968
2011-09-01,INTC,0.0599
2011-09-01,TRV,-0.0262
2011-09-01,VZ,0.0176
2011-09-01,HD,-0.0153
2011-09-01,CSCO,-0.0108
2011-09-01,GS,-0.1865
2011-09-01,V,-0.0246
2011-09-01,UNH,-0.026
2011-10-01,MSFT,0.0699
2011-10-01,KO,0.0112
2011-10-01,XOM,0.0752
2011-10-01,IBM,0.0558
2011-10-01,CVX,0.1346
2011-10-01,AAPL,0.0615
2011-10-01,UTX,0.1083
2011-10-01,PG,0.0211
2011-10-01,DOW,0.2413
2011-10-01,CAT,0.2855
2011-10-01,WBA,0.0094
2011-10-01,BA,0.0873
2011-10-01,PFE,0.0894
2011-10-01,JNJ,0.011
2011-10-01,MMM,0.1007
2011-10-01,MRK,0.055
2011-10-01,DIS,0.1565
2011-10-01,MCD,0.0573
2011-10-01,JPM,0.1624
2011-10-01,WMT,0.0929
2011-10-01,NKE,0.1268
2011-10-01,AXP,0.1314
2011-10-01,INTC,0.1502
2011-10-01,TRV,0.1974
2011-10-01,VZ,0.0185
2011-10-01,HD,0.0891
2011-10-01,CSCO,0.1994
2011-10-01,GS,0.1586
2011-10-01,V,0.088
2011-10-01,UNH,0.0405
2011-11-01,MSFT,-0.0319
2011-11-01,KO,-0.0091
2011-11-01,XOM,0.0361
2011-11-01,IBM,0.0223
2011-11-01,CVX,-0.0135
2011-11-01,AAPL,-0.0558
2011-11-01,UTX,-0.0115
2011-11-01,PG,0.0091
2011-11-01,DOW,-0.0061
2011-11-01,CAT,0.0362
2011-11-01,WBA,0.0224
2011-11-01,BA,0.0505
2011-11-01,PFE,0.0524
2011-11-01,JNJ,0.014
2011-11-01,MMM,0.0325
2011-11-01,MRK,0.0362
2011-11-01,DIS,0.0278
2011-11-01,MCD,0.0363
2011-11-01,JPM,-0.109
2011-11-01,WMT,0.0384
2011-11-01,NKE,-0.0018
2011-11-01,AXP,-0.051
2011-11-01,INTC,0.0236
2011-11-01,TRV,-0.036
2011-11-01,VZ,0.0203
2011-11-01,HD,0.1036
2011-11-01,CSCO,0.0059
2011-11-01,GS,-0.1218
2011-11-01,V,0.0421
2011-11-01,UNH,0.0163
2011-12-01,MSFT,0.0149
2011-12-01,KO,0.0408
2011-12-01,XOM,0.0537
2011-12-01,IBM,-0.0219
2011-12-01,CVX,0.0348
2011-12-01,AAPL,0.0597
2011-12-01,UTX,-0.0458
2011-12-01,PG,0.0331
2011-12-01,DOW,0.0469
2011-12-01,CAT,-0.0744
2011-12-01,WBA,-0.0196
2011-12-01,BA,0.0678
2011-12-01,PFE,0.0782
2011-12-01,JNJ,0.0133
2011-12-01,MMM,0.0085
2011-12-01,MRK,0.0663
2011-12-01,DIS,0.0628
2011-12-01,MCD,0.0504
2011-12-01,JPM,0.0736
2011-12-01,WMT,0.0208
2011-12-01,NKE,0.0057
2011-12-01,AXP,-0.0181
2011-12-01,INTC,-0.0265
2011-12-01,TRV,0.0592
2011-12-01,VZ,0.0633
2011-12-01,HD,0.0719
2011-12-01,CSCO,-0.03
2011-12-01,GS,-0.0566
2011-12-01,V,0.047
2011-12-01,UNH,0.0425
2012-01-01,MSFT,0.1375
2012-01-01,KO,-0.0349
2012-01-01,XOM,-0.012
2012-01-01,IBM,0.0474
2012-01-01,CVX,-0.0308
2012-01-01,AAPL,0.1271
2012-01-01,UTX,0.072
2012-01-01,PG,-0.0471
2012-01-01,DOW,0.1652
2012-01-01,CAT,0.2095
2012-01-01,WBA,0.0091
2012-01-01,BA,0.0113
2012-01-01,PFE,-0.0111
2012-01-01,JNJ,0.005
2012-01-01,MMM,0.0609
2012-01-01,MRK,0.0151
2012-01-01,DIS,0.0373
2012-01-01,MCD,-0.0128
2012-01-01,JPM,0.1293
2012-01-01,WMT,0.0268
2012-01-01,NKE,0.0791
2012-01-01,AXP,0.0668
2012-01-01,INTC,0.0895
2012-01-01,TRV,-0.0147
2012-01-01,VZ,-0.0489
2012-01-01,HD,0.0559
2012-01-01,CSCO,0.0899
2012-01-01,GS,0.2327
2012-01-01,V,-0.0088
2012-01-01,UNH,0.0219
2012-02-01,MSFT,0.0816
2012-02-01,KO,0.0345
2012-02-01,XOM,0.0386
2012-02-01,IBM,0.0253
2012-02-01,CVX,0.066
2012-02-01,AAPL,0.1883
2012-02-01,UTX,0.0766
2012-02-01,PG,0.0727
2012-02-01,DOW,0
2012-02-01,CAT,0.0466
2012-02-01,WBA,0.0007
2012-02-01,BA,0.0163
2012-02-01,PFE,-0.0026
2012-02-01,JNJ,-0.0039
2012-02-01,MMM,0.0171
2012-02-01,MRK,-0.0026
2012-02-01,DIS,0.0794
2012-02-01,MCD,0.0094
2012-02-01,JPM,0.052
2012-02-01,WMT,-0.0372
2012-02-01,NKE,0.0378
2012-02-01,AXP,0.0548
2012-02-01,INTC,0.0254
2012-02-01,TRV,-0.0057
2012-02-01,VZ,0.0119
2012-02-01,HD,0.0716
2012-02-01,CSCO,0.012
2012-02-01,GS,0.0361
2012-02-01,V,0.1585
2012-02-01,UNH,0.0765
2012-03-01,MSFT,0.0162
2012-03-01,KO,0.0667
2012-03-01,XOM,0.0027
2012-03-01,IBM,0.0606
2012-03-01,CVX,-0.0175
2012-03-01,AAPL,0.1053
2012-03-01,UTX,-0.0111
2012-03-01,PG,-0.0061
2012-03-01,DOW,0.0412
2012-03-01,CAT,-0.0673
2012-03-01,WBA,0.01
2012-03-01,BA,-0.0077
2012-03-01,PFE,0.072
2012-03-01,JNJ,0.0135
2012-03-01,MMM,0.0184
2012-03-01,MRK,0.017
2012-03-01,DIS,0.0426
2012-03-01,MCD,-0.0119
2012-03-01,JPM,0.1718
2012-03-01,WMT,0.0426
2012-03-01,NKE,0.0082
2012-03-01,AXP,0.094
2012-03-01,INTC,0.0459
2012-03-01,TRV,0.0283
2012-03-01,VZ,0.0031
2012-03-01,HD,0.0637
2012-03-01,CSCO,0.0639
2012-03-01,GS,0.0802
2012-03-01,V,0.014
2012-03-01,UNH,0.0601
2012-04-01,MSFT,-0.0074
2012-04-01,KO,0.0312
2012-04-01,XOM,-0.0045
2012-04-01,IBM,-0.0075
2012-04-01,CVX,-0.0061
2012-04-01,AAPL,-0.026
2012-04-01,UTX,-0.0157
2012-04-01,PG,-0.0448
2012-04-01,DOW,-0.0219
2012-04-01,CAT,-0.0309
2012-04-01,WBA,0.0469
2012-04-01,BA,0.0327
2012-04-01,PFE,0.0113
2012-04-01,JNJ,-0.013
2012-04-01,MMM,0.0017
2012-04-01,MRK,0.0219
2012-04-01,DIS,-0.0153
2012-04-01,MCD,-0.0066
2012-04-01,JPM,-0.0587
2012-04-01,WMT,-0.0374
2012-04-01,NKE,0.0316
2012-04-01,AXP,0.0441
2012-04-01,INTC,0.01
2012-04-01,TRV,0.0865
2012-04-01,VZ,0.0693
2012-04-01,HD,0.0294
2012-04-01,CSCO,-0.0433
2012-04-01,GS,-0.0741
2012-04-01,V,0.0422
2012-04-01,UNH,-0.0473
2012-05-01,MSFT,-0.082
2012-05-01,KO,-0.0208
2012-05-01,XOM,-0.0827
2012-05-01,IBM,-0.0644
2012-05-01,CVX,-0.069
2012-05-01,AAPL,-0.0107
2012-05-01,UTX,-0.0864
2012-05-01,PG,-0.0212
2012-05-01,DOW,-0.0832
2012-05-01,CAT,-0.1474
2012-05-01,WBA,-0.1231
2012-05-01,BA,-0.0879
2012-05-01,PFE,-0.0354
2012-05-01,JNJ,-0.0316
2012-05-01,MMM,-0.0488
2012-05-01,MRK,-0.0423
2012-05-01,DIS,0.0603
2012-05-01,MCD,-0.076
2012-05-01,JPM,-0.2287
2012-05-01,WMT,0.124
2012-05-01,NKE,-0.0298
2012-05-01,AXP,-0.0727
2012-05-01,INTC,-0.0826
2012-05-01,TRV,-0.0285
2012-05-01,VZ,0.0312
2012-05-01,HD,-0.0417
2012-05-01,CSCO,-0.1898
2012-05-01,GS,-0.1649
2012-05-01,V,-0.0615
2012-05-01,UNH,-0.0068
2012-06-01,MSFT,0.048
2012-06-01,KO,0.0531
2012-06-01,XOM,0.0883
2012-06-01,IBM,0.0139
2012-06-01,CVX,0.0731
2012-06-01,AAPL,0.0109
2012-06-01,UTX,0.0192
2012-06-01,PG,-0.0167
2012-06-01,DOW,0.0245
2012-06-01,CAT,-0.0309
2012-06-01,WBA,-0.0308
2012-06-01,BA,0.0674
2012-06-01,PFE,0.0517
2012-06-01,JNJ,0.0822
2012-06-01,MMM,0.0615
2012-06-01,MRK,0.1221
2012-06-01,DIS,0.061
2012-06-01,MCD,-0.0091
2012-06-01,JPM,0.0778
2012-06-01,WMT,0.0593
2012-06-01,NKE,-0.1886
2012-06-01,AXP,0.0426
2012-06-01,INTC,0.0313
2012-06-01,TRV,0.029
2012-06-01,VZ,0.0672
2012-06-01,HD,0.074
2012-06-01,CSCO,0.0514
2012-06-01,GS,0.0017
2012-06-01,V,0.0732
2012-06-01,UNH,0.0528
2012-07-01,MSFT,-0.0366
2012-07-01,KO,0.0334
2012-07-01,XOM,0.015
2012-07-01,IBM,0.002
2012-07-01,CVX,0.0387
2012-07-01,AAPL,0.0458
2012-07-01,UTX,-0.0144
2012-07-01,PG,0.0629
2012-07-01,DOW,-0.0863
2012-07-01,CAT,-0.0021
2012-07-01,WBA,0.2292
2012-07-01,BA,-0.0052
2012-07-01,PFE,0.0452
2012-07-01,JNJ,0.0246
2012-07-01,MMM,0.0182
2012-07-01,MRK,0.058
2012-07-01,DIS,0.0132
2012-07-01,MCD,0.0094
2012-07-01,JPM,0.016
2012-07-01,WMT,0.0676
2012-07-01,NKE,0.0635
2012-07-01,AXP,-0.0052
2012-07-01,INTC,-0.0356
2012-07-01,TRV,-0.0186
2012-07-01,VZ,0.027
2012-07-01,HD,-0.0153
2012-07-01,CSCO,-0.0664
2012-07-01,GS,0.0526
2012-07-01,V,0.044
2012-07-01,UNH,-0.1267
2012-08-01,MSFT,0.0526
2012-08-01,KO,-0.0743
2012-08-01,XOM,0.0117
2012-08-01,IBM,-0.0014
2012-08-01,CVX,0.0318
2012-08-01,AAPL,0.0935
2012-08-01,UTX,0.0799
2012-08-01,PG,0.0411
2012-08-01,DOW,0.0184
2012-08-01,CAT,0.0133
2012-08-01,WBA,-0.0089
2012-08-01,BA,-0.028
2012-08-01,PFE,0.0017
2012-08-01,JNJ,-0.017
2012-08-01,MMM,0.0215
2012-08-01,MRK,-0.0254
2012-08-01,DIS,0.0067
2012-08-01,MCD,0.0093
2012-08-01,JPM,0.0317
2012-08-01,WMT,-0.0192
2012-08-01,NKE,0.0468
2012-08-01,AXP,0.0102
2012-08-01,INTC,-0.0251
2012-08-01,TRV,0.0334
2012-08-01,VZ,-0.0487
2012-08-01,HD,0.0931
2012-08-01,CSCO,0.1962
2012-08-01,GS,0.0523
2012-08-01,V,-0.0046
2012-08-01,UNH,0.0628
2012-09-01,MSFT,-0.0344
2012-09-01,KO,0.021
2012-09-01,XOM,0.0475
2012-09-01,IBM,0.0647
2012-09-01,CVX,0.0392
2012-09-01,AAPL,0.0028
2012-09-01,UTX,-0.0195
2012-09-01,PG,0.0323
2012-09-01,DOW,-0.0012
2012-09-01,CAT,0.0083
2012-09-01,WBA,0.019
2012-09-01,BA,-0.0253
2012-09-01,PFE,0.0415
2012-09-01,JNJ,0.0219
2012-09-01,MMM,-0.0019
2012-09-01,MRK,0.0573
2012-09-01,DIS,0.0568
2012-09-01,MCD,0.0253
2012-09-01,JPM,0.0899
2012-09-01,WMT,0.0165
2012-09-01,NKE,-0.0252
2012-09-01,AXP,-0.0247
2012-09-01,INTC,-0.0876
2012-09-01,TRV,0.0615
2012-09-01,VZ,0.0612
2012-09-01,HD,0.0638
2012-09-01,CSCO,0.0008
2012-09-01,GS,0.0753
2012-09-01,V,0.047
2012-09-01,UNH,0.0244
2012-10-01,MSFT,-0.041
2012-10-01,KO,-0.0198
2012-10-01,XOM,-0.0031
2012-10-01,IBM,-0.0623
2012-10-01,CVX,-0.0542
2012-10-01,AAPL,-0.1076
2012-10-01,UTX,-0.0017
2012-10-01,PG,0.0064
2012-10-01,DOW,0.0119
2012-10-01,CAT,-0.0083
2012-10-01,WBA,-0.0332
2012-10-01,BA,0.0121
2012-10-01,PFE,0.0008
2012-10-01,JNJ,0.0277
2012-10-01,MMM,-0.0522
2012-10-01,MRK,0.0119
2012-10-01,DIS,-0.0604
2012-10-01,MCD,-0.054
2012-10-01,JPM,0.0371
2012-10-01,WMT,0.0165
2012-10-01,NKE,-0.0372
2012-10-01,AXP,-0.0121
2012-10-01,INTC,-0.0452
2012-10-01,TRV,0.0393
2012-10-01,VZ,-0.0091
2012-10-01,HD,0.0167
2012-10-01,CSCO,-0.0948
2012-10-01,GS,0.0766
2012-10-01,V,0.0334
2012-10-01,UNH,0.0106
2012-11-01,MSFT,-0.0594
2012-11-01,KO,0.0268
2012-11-01,XOM,-0.027
2012-11-01,IBM,-0.0186
2012-11-01,CVX,-0.0331
2012-11-01,AAPL,-0.0124
2012-11-01,UTX,0.0318
2012-11-01,PG,0.0085
2012-11-01,DOW,0.0304
2012-11-01,CAT,0.0051
2012-11-01,WBA,-0.0297
2012-11-01,BA,0.0608
2012-11-01,PFE,0.0149
2012-11-01,JNJ,-0.0068
2012-11-01,MMM,0.045
2012-11-01,MRK,-0.0291
2012-11-01,DIS,0.011
2012-11-01,MCD,0.0116
2012-11-01,JPM,-0.0144
2012-11-01,WMT,-0.04
2012-11-01,NKE,0.0668
2012-11-01,AXP,-0.0013
2012-11-01,INTC,-0.0851
2012-11-01,TRV,-0.0017
2012-11-01,VZ,-0.0116
2012-11-01,HD,0.0648
2012-11-01,CSCO,0.1111
2012-11-01,GS,-0.0335
2012-11-01,V,0.0813
2012-11-01,UNH,-0.0288
2012-12-01,MSFT,0.0036
2012-12-01,KO,-0.044
2012-12-01,XOM,-0.018
2012-12-01,IBM,0.0078
2012-12-01,CVX,0.0232
2012-12-01,AAPL,-0.0907
2012-12-01,UTX,0.0237
2012-12-01,PG,-0.0278
2012-12-01,DOW,0.0815
2012-12-01,CAT,0.0573
2012-12-01,WBA,0.0914
2012-12-01,BA,0.0145
2012-12-01,PFE,0.0024
2012-12-01,JNJ,0.0053
2012-12-01,MMM,0.0209
2012-12-01,MRK,-0.0661
2012-12-01,DIS,0.0177
2012-12-01,MCD,0.0134
2012-12-01,JPM,0.0703
2012-12-01,WMT,-0.0471
2012-12-01,NKE,0.063
2012-12-01,AXP,0.0283
2012-12-01,INTC,0.0539
2012-12-01,TRV,0.0206
2012-12-01,VZ,-0.0193
2012-12-01,HD,-0.0495
2012-12-01,CSCO,0.0391
2012-12-01,GS,0.0829
2012-12-01,V,0.0125
2012-12-01,UNH,0.0011
2013-01-01,MSFT,0.0277
2013-01-01,KO,0.0273
2013-01-01,XOM,0.0395
2013-01-01,IBM,0.0601
2013-01-01,CVX,0.0648
2013-01-01,AAPL,-0.1441
2013-01-01,UTX,0.0678
2013-01-01,PG,0.1154
2013-01-01,DOW,-0.004
2013-01-01,CAT,0.098
2013-01-01,WBA,0.0797
2013-01-01,BA,-0.0198
2013-01-01,PFE,0.0973
2013-01-01,JNJ,0.0545
2013-01-01,MMM,0.0829
2013-01-01,MRK,0.0564
2013-01-01,DIS,0.0821
2013-01-01,MCD,0.0803
2013-01-01,JPM,0.0769
2013-01-01,WMT,0.0252
2013-01-01,NKE,0.0475
2013-01-01,AXP,0.0266
2013-01-01,INTC,0.0204
2013-01-01,TRV,0.0925
2013-01-01,VZ,0.0198
2013-01-01,HD,0.082
2013-01-01,CSCO,0.0469
2013-01-01,GS,0.1591
2013-01-01,V,0.0418
2013-01-01,UNH,0.0179
2013-02-01,MSFT,0.0211
2013-02-01,KO,0.0397
2013-02-01,XOM,0.0017
2013-02-01,IBM,-0.0068
2013-02-01,CVX,0.0252
2013-02-01,AAPL,-0.0251
2013-02-01,UTX,0.0401
2013-02-01,PG,0.0136
2013-02-01,DOW,-0.0149
2013-02-01,CAT,-0.0612
2013-02-01,WBA,0.0314
2013-02-01,BA,0.0476
2013-02-01,PFE,0.0033
2013-02-01,JNJ,0.0379
2013-02-01,MMM,0.0406
2013-02-01,MRK,-0.012
2013-02-01,DIS,0.0132
2013-02-01,MCD,0.0145
2013-02-01,JPM,0.0397
2013-02-01,WMT,0.0119
2013-02-01,NKE,0.0115
2013-02-01,AXP,0.0568
2013-02-01,INTC,0.0031
2013-02-01,TRV,0.025
2013-02-01,VZ,0.067
2013-02-01,HD,0.0236
2013-02-01,CSCO,0.0139
2013-02-01,GS,0.0162
2013-02-01,V,0.0067
2013-02-01,UNH,-0.0319
2013-03-01,MSFT,0.029
2013-03-01,KO,0.0517
2013-03-01,XOM,0.0063
2013-03-01,IBM,0.0621
2013-03-01,CVX,0.0143
2013-03-01,AAPL,0.0029
2013-03-01,UTX,0.0318
2013-03-01,PG,0.0116
2013-03-01,DOW,0.0139
2013-03-01,CAT,-0.0585
2013-03-01,WBA,0.1646
2013-03-01,BA,0.1164
2013-03-01,PFE,0.0544
2013-03-01,JNJ,0.0712
2013-03-01,MMM,0.0222
2013-03-01,MRK,0.0445
2013-03-01,DIS,0.0405
2013-03-01,MCD,0.0395
2013-03-01,JPM,-0.0298
2013-03-01,WMT,0.0639
2013-03-01,NKE,0.0835
2013-03-01,AXP,0.0854
2013-03-01,INTC,0.0457
2013-03-01,TRV,0.0526
2013-03-01,VZ,0.0563
2013-03-01,HD,0.0244
2013-03-01,CSCO,0.0019
2013-03-01,GS,-0.0174
2013-03-01,V,0.0706
2013-03-01,UNH,0.0743
2013-04-01,MSFT,0.1571
2013-04-01,KO,0.0467
2013-04-01,XOM,-0.0124
2013-04-01,IBM,-0.0504
2013-04-01,CVX,0.0268
2013-04-01,AAPL,0.0003
2013-04-01,UTX,-0.0229
2013-04-01,PG,0.004
2013-04-01,DOW,0.065
2013-04-01,CAT,-0.0205
2013-04-01,WBA,0.0384
2013-04-01,BA,0.0648
2013-04-01,PFE,0.0073
2013-04-01,JNJ,0.0454
2013-04-01,MMM,-0.015
2013-04-01,MRK,0.0633
2013-04-01,DIS,0.1063
2013-04-01,MCD,0.0246
2013-04-01,JPM,0.039
2013-04-01,WMT,0.0386
2013-04-01,NKE,0.0778
2013-04-01,AXP,0.017
2013-04-01,INTC,0.0969
2013-04-01,TRV,0.0145
2013-04-01,VZ,0.1073
2013-04-01,HD,0.0512
2013-04-01,CSCO,0.0093
2013-04-01,GS,-0.0073
2013-04-01,V,-0.0081
2013-04-01,UNH,0.0475
2013-05-01,MSFT,0.0613
2013-05-01,KO,-0.0553
2013-05-01,XOM,0.0237
2013-05-01,IBM,0.0317
2013-05-01,CVX,0.0143
2013-05-01,AAPL,0.0226
2013-05-01,UTX,0.0454
2013-05-01,PG,-0.0001
2013-05-01,DOW,0.0162
2013-05-01,CAT,0.0133
2013-05-01,WBA,-0.0298
2013-05-01,BA,0.0886
2013-05-01,PFE,-0.055
2013-05-01,JNJ,-0.0046
2013-05-01,MMM,0.0592
2013-05-01,MRK,-0.0064
2013-05-01,DIS,0.0038
2013-05-01,MCD,-0.047
2013-05-01,JPM,0.1139
2013-05-01,WMT,-0.031
2013-05-01,NKE,-0.0272
2013-05-01,AXP,0.1067
2013-05-01,INTC,0.0232
2013-05-01,TRV,-0.0198
2013-05-01,VZ,-0.1007
2013-05-01,HD,0.0724
2013-05-01,CSCO,0.1527
2013-05-01,GS,0.113
2013-05-01,V,0.0594
2013-05-01,UNH,0.0451
2013-06-01,MSFT,-0.0102
2013-06-01,KO,0.01
2013-06-01,XOM,-0.0013
2013-06-01,IBM,-0.0813
2013-06-01,CVX,-0.0359
2013-06-01,AAPL,-0.1183
2013-06-01,UTX,-0.0207
2013-06-01,PG,0.003
2013-06-01,DOW,-0.0572
2013-06-01,CAT,-0.0386
2013-06-01,WBA,-0.0745
2013-06-01,BA,0.0345
2013-06-01,PFE,0.0286
2013-06-01,JNJ,0.02
2013-06-01,MMM,-0.0083
2013-06-01,MRK,0.0039
2013-06-01,DIS,0.0011
2013-06-01,MCD,0.0252
2013-06-01,JPM,-0.033
2013-06-01,WMT,-0.0047
2013-06-01,NKE,0.0328
2013-06-01,AXP,-0.0125
2013-06-01,INTC,-0.0021
2013-06-01,TRV,-0.0394
2013-06-01,VZ,0.0384
2013-06-01,HD,-0.0102
2013-06-01,CSCO,0.0091
2013-06-01,GS,-0.0668
2013-06-01,V,0.0259
2013-06-01,UNH,0.05
2013-07-01,MSFT,-0.0783
2013-07-01,KO,-0.0007
2013-07-01,XOM,0.0376
2013-07-01,IBM,0.0206
2013-07-01,CVX,0.0638
2013-07-01,AAPL,0.1412
2013-07-01,UTX,0.1359
2013-07-01,PG,0.0508
2013-07-01,DOW,0.0892
2013-07-01,CAT,0.0124
2013-07-01,WBA,0.1369
2013-07-01,BA,0.026
2013-07-01,PFE,0.0521
2013-07-01,JNJ,0.089
2013-07-01,MMM,0.0739
2013-07-01,MRK,0.037
2013-07-01,DIS,0.0238
2013-07-01,MCD,-0.0093
2013-07-01,JPM,0.0629
2013-07-01,WMT,0.0463
2013-07-01,NKE,-0.0119
2013-07-01,AXP,-0.0102
2013-07-01,INTC,-0.0369
2013-07-01,TRV,0.0454
2013-07-01,VZ,-0.0069
2013-07-01,HD,0.0201
2013-07-01,CSCO,0.0586
2013-07-01,GS,0.0845
2013-07-01,V,-0.0314
2013-07-01,UNH,0.1126
2013-08-01,MSFT,0.0562
2013-08-01,KO,-0.0474
2013-08-01,XOM,-0.0636
2013-08-01,IBM,-0.0606
2013-08-01,CVX,-0.0354
2013-08-01,AAPL,0.0834
2013-08-01,UTX,-0.0467
2013-08-01,PG,-0.03
2013-08-01,DOW,0.0674
2013-08-01,CAT,-0.0045
2013-08-01,WBA,-0.0371
2013-08-01,BA,-0.0066
2013-08-01,PFE,-0.0349
2013-08-01,JNJ,-0.0688
2013-08-01,MMM,-0.0274
2013-08-01,MRK,-0.0183
2013-08-01,DIS,-0.0591
2013-08-01,MCD,-0.0301
2013-08-01,JPM,-0.0933
2013-08-01,WMT,-0.0576
2013-08-01,NKE,0.0017
2013-08-01,AXP,-0.0252
2013-08-01,INTC,-0.0484
2013-08-01,TRV,-0.0437
2013-08-01,VZ,-0.0424
2013-08-01,HD,-0.0574
2013-08-01,CSCO,-0.0891
2013-08-01,GS,-0.0695
2013-08-01,V,-0.0128
2013-08-01,UNH,-0.0152
2013-09-01,MSFT,-0.0036
2013-09-01,KO,-0.0005
2013-09-01,XOM,-0.0129
2013-09-01,IBM,0.016
2013-09-01,CVX,0.0089
2013-09-01,AAPL,-0.0215
2013-09-01,UTX,0.0771
2013-09-01,PG,-0.0295
2013-09-01,DOW,0.0353
2013-09-01,CAT,0.0104
2013-09-01,WBA,0.1192
2013-09-01,BA,0.1307
2013-09-01,PFE,0.0183
2013-09-01,JNJ,0.0032
2013-09-01,MMM,0.0513
2013-09-01,MRK,0.0158
2013-09-01,DIS,0.0602
2013-09-01,MCD,0.0196
2013-09-01,JPM,0.023
2013-09-01,WMT,0.0134
2013-09-01,NKE,0.1563
2013-09-01,AXP,0.0502
2013-09-01,INTC,0.0428
2013-09-01,TRV,0.0672
2013-09-01,VZ,-0.0149
2013-09-01,HD,0.0235
2013-09-01,CSCO,0.0052
2013-09-01,GS,0.04
2013-09-01,V,0.0956
2013-09-01,UNH,0.0021
2013-10-01,MSFT,0.0639
2013-10-01,KO,0.0446
2013-10-01,XOM,0.0416
2013-10-01,IBM,-0.0322
2013-10-01,CVX,-0.0127
2013-10-01,AAPL,0.0964
2013-10-01,UTX,-0.0146
2013-10-01,PG,0.0762
2013-10-01,DOW,0.0279
2013-10-01,CAT,0.0067
2013-10-01,WBA,0.1011
2013-10-01,BA,0.1106
2013-10-01,PFE,0.0682
2013-10-01,JNJ,0.0683
2013-10-01,MMM,0.0539
2013-10-01,MRK,-0.0529
2013-10-01,DIS,0.0636
2013-10-01,MCD,0.0032
2013-10-01,JPM,0.0044
2013-10-01,WMT,0.0377
2013-10-01,NKE,0.043
2013-10-01,AXP,0.0862
2013-10-01,INTC,0.0676
2013-10-01,TRV,0.018
2013-10-01,VZ,0.0935
2013-10-01,HD,0.0269
2013-10-01,CSCO,-0.0299
2013-10-01,GS,0.0168
2013-10-01,V,0.0291
2013-10-01,UNH,-0.0468
2013-11-01,MSFT,0.0849
2013-11-01,KO,0.0227
2013-11-01,XOM,0.0501
2013-11-01,IBM,0.0079
2013-11-01,CVX,0.029
2013-11-01,AAPL,0.0697
2013-11-01,UTX,0.0489
2013-11-01,PG,0.043
2013-11-01,DOW,-0.0104
2013-11-01,CAT,0.0149
2013-11-01,WBA,0.0046
2013-11-01,BA,0.0325
2013-11-01,PFE,0.0419
2013-11-01,JNJ,0.0293
2013-11-01,MMM,0.0659
2013-11-01,MRK,0.1051
2013-11-01,DIS,0.0284
2013-11-01,MCD,0.0172
2013-11-01,JPM,0.1102
2013-11-01,WMT,0.0555
2013-11-01,NKE,0.0446
2013-11-01,AXP,0.0489
2013-11-01,INTC,-0.0166
2013-11-01,TRV,0.0514
2013-11-01,VZ,-0.0176
2013-11-01,HD,0.0357
2013-11-01,CSCO,-0.0581
2013-11-01,GS,0.0536
2013-11-01,V,0.0366
2013-11-01,UNH,0.0911
2013-12-01,MSFT,-0.0189
2013-12-01,KO,0.0279
2013-12-01,XOM,0.0826
2013-12-01,IBM,0.0439
2013-12-01,CVX,0.0202
2013-12-01,AAPL,0.0089
2013-12-01,UTX,0.0265
2013-12-01,PG,-0.0334
2013-12-01,DOW,0.1449
2013-12-01,CAT,0.0734
2013-12-01,WBA,-0.0297
2013-12-01,BA,0.0167
2013-12-01,PFE,-0.0347
2013-12-01,JNJ,-0.0324
2013-12-01,MMM,0.0505
2013-12-01,MRK,0.0132
2013-12-01,DIS,0.0953
2013-12-01,MCD,-0.0035
2013-12-01,JPM,0.022
2013-12-01,WMT,-0.0228
2013-12-01,NKE,-0.0033
2013-12-01,AXP,0.0575
2013-12-01,INTC,0.0887
2013-12-01,TRV,0.0033
2013-12-01,VZ,-0.0097
2013-12-01,HD,0.0255
2013-12-01,CSCO,0.0555
2013-12-01,GS,0.0492
2013-12-01,V,0.0945
2013-12-01,UNH,0.0148
2014-01-01,MSFT,0.0115
2014-01-01,KO,-0.0845
2014-01-01,XOM,-0.0893
2014-01-01,IBM,-0.0581
2014-01-01,CVX,-0.1063
2014-01-01,AAPL,-0.1077
2014-01-01,UTX,0.0019
2014-01-01,PG,-0.0514
2014-01-01,DOW,0.025
2014-01-01,CAT,0.0407
2014-01-01,WBA,-0.0016
2014-01-01,BA,-0.0823
2014-01-01,PFE,-0.0075
2014-01-01,JNJ,-0.0341
2014-01-01,MMM,-0.086
2014-01-01,MRK,0.0583
2014-01-01,DIS,-0.0496
2014-01-01,MCD,-0.0295
2014-01-01,JPM,-0.0469
2014-01-01,WMT,-0.051
2014-01-01,NKE,-0.0736
2014-01-01,AXP,-0.0604
2014-01-01,INTC,-0.0545
2014-01-01,TRV,-0.1023
2014-01-01,VZ,-0.012
2014-01-01,HD,-0.0667
2014-01-01,CSCO,-0.0156
2014-01-01,GS,-0.0741
2014-01-01,V,-0.0326
2014-01-01,UNH,-0.0401
2014-02-01,MSFT,0.0198
2014-02-01,KO,0.01
2014-02-01,XOM,0.0514
2014-02-01,IBM,0.0534
2014-02-01,CVX,0.0421
2014-02-01,AAPL,0.0573
2014-02-01,UTX,0.0315
2014-02-01,PG,0.0266
2014-02-01,DOW,0.0703
2014-02-01,CAT,0.0326
2014-02-01,WBA,0.1903
2014-02-01,BA,0.035
2014-02-01,PFE,0.0648
2014-02-01,JNJ,0.0487
2014-02-01,MMM,0.0577
2014-02-01,MRK,0.0759
2014-02-01,DIS,0.1129
2014-02-01,MCD,0.019
2014-02-01,JPM,0.0264
2014-02-01,WMT,0.0003
2014-02-01,NKE,0.0781
2014-02-01,AXP,0.0736
2014-02-01,INTC,0.0181
2014-02-01,TRV,0.0315
2014-02-01,VZ,-0.0092
2014-02-01,HD,0.0674
2014-02-01,CSCO,-0.005
2014-02-01,GS,0.0175
2014-02-01,V,0.0506
2014-02-01,UNH,0.069
2014-03-01,MSFT,0.07
2014-03-01,KO,0.02
2014-03-01,XOM,0.0146
2014-03-01,IBM,0.0395
2014-03-01,CVX,0.031
2014-03-01,AAPL,0.02
2014-03-01,UTX,-0.0015
2014-03-01,PG,0.0247
2014-03-01,DOW,0.0051
2014-03-01,CAT,0.0248
2014-03-01,WBA,-0.0283
2014-03-01,BA,-0.0266
2014-03-01,PFE,0.0003
2014-03-01,JNJ,0.0663
2014-03-01,MMM,0.0069
2014-03-01,MRK,0.0039
2014-03-01,DIS,-0.0092
2014-03-01,MCD,0.0303
2014-03-01,JPM,0.0685
2014-03-01,WMT,0.0296
2014-03-01,NKE,-0.0567
2014-03-01,AXP,-0.0137
2014-03-01,INTC,0.0426
2014-03-01,TRV,0.021
2014-03-01,VZ,-0.0002
2014-03-01,HD,-0.0296
2014-03-01,CSCO,0.0282
2014-03-01,GS,-0.0156
2014-03-01,V,-0.0446
2014-03-01,UNH,0.0647
2014-04-01,MSFT,-0.0144
2014-04-01,KO,0.0551
2014-04-01,XOM,0.0484
2014-04-01,IBM,0.0207
2014-04-01,CVX,0.0556
2014-04-01,AAPL,0.0994
2014-04-01,UTX,0.0128
2014-04-01,PG,0.0322
2014-04-01,DOW,0.027
2014-04-01,CAT,0.0667
2014-04-01,WBA,0.0283
2014-04-01,BA,0.0281
2014-04-01,PFE,-0.0262
2014-04-01,JNJ,0.0312
2014-04-01,MMM,0.0253
2014-04-01,MRK,0.0315
2014-04-01,DIS,-0.0091
2014-04-01,MCD,0.0342
2014-04-01,JPM,-0.0717
2014-04-01,WMT,0.0429
2014-04-01,NKE,-0.0123
2014-04-01,AXP,-0.0263
2014-04-01,INTC,0.0339
2014-04-01,TRV,0.0644
2014-04-01,VZ,-0.0065
2014-04-01,HD,0.0048
2014-04-01,CSCO,0.0395
2014-04-01,GS,-0.0246
2014-04-01,V,-0.0614
2014-04-01,UNH,-0.0848
2014-05-01,MSFT,0.0203
2014-05-01,KO,0.0029
2014-05-01,XOM,-0.0116
2014-05-01,IBM,-0.056
2014-05-01,CVX,-0.0132
2014-05-01,AAPL,0.0783
2014-05-01,UTX,-0.0128
2014-05-01,PG,-0.0213
2014-05-01,DOW,0.0445
2014-05-01,CAT,-0.0301
2014-05-01,WBA,0.0637
2014-05-01,BA,0.0539
2014-05-01,PFE,-0.0444
2014-05-01,JNJ,0.0086
2014-05-01,MMM,0.031
2014-05-01,MRK,-0.012
2014-05-01,DIS,0.0589
2014-05-01,MCD,0.0085
2014-05-01,JPM,-0.0073
2014-05-01,WMT,-0.0309
2014-05-01,NKE,0.0576
2014-05-01,AXP,0.0466
2014-05-01,INTC,0.032
2014-05-01,TRV,0.0317
2014-05-01,VZ,0.0691
2014-05-01,HD,0.0091
2014-05-01,CSCO,0.0653
2014-05-01,GS,0.0034
2014-05-01,V,0.0623
2014-05-01,UNH,0.0612
2014-06-01,MSFT,0.0186
2014-06-01,KO,0.0429
2014-06-01,XOM,0.0015
2014-06-01,IBM,-0.0168
2014-06-01,CVX,0.0632
2014-06-01,AAPL,0.0277
2014-06-01,UTX,-0.0066
2014-06-01,PG,-0.0272
2014-06-01,DOW,-0.0056
2014-06-01,CAT,0.063
2014-06-01,WBA,0.0309
2014-06-01,BA,-0.0593
2014-06-01,PFE,0.0017
2014-06-01,JNJ,0.0311
2014-06-01,MMM,0.0048
2014-06-01,MRK,0.0074
2014-06-01,DIS,0.0206
2014-06-01,MCD,-0.0068
2014-06-01,JPM,0.0369
2014-06-01,WMT,-0.0221
2014-06-01,NKE,0.0083
2014-06-01,AXP,0.0368
2014-06-01,INTC,0.131
2014-06-01,TRV,0.0125
2014-06-01,VZ,-0.0206
2014-06-01,HD,0.015
2014-06-01,CSCO,0.0093
2014-06-01,GS,0.0477
2014-06-01,V,-0.0192
2014-06-01,UNH,0.0313
2014-07-01,MSFT,0.035
2014-07-01,KO,-0.0725
2014-07-01,XOM,-0.0173
2014-07-01,IBM,0.0574
2014-07-01,CVX,-0.01
2014-07-01,AAPL,0.0287
2014-07-01,UTX,-0.0892
2014-07-01,PG,-0.008
2014-07-01,DOW,-0.0076
2014-07-01,CAT,-0.0664
2014-07-01,WBA,-0.0723
2014-07-01,BA,-0.0531
2014-07-01,PFE,-0.0243
2014-07-01,JNJ,-0.0433
2014-07-01,MMM,-0.0164
2014-07-01,MRK,-0.0192
2014-07-01,DIS,0.0016
2014-07-01,MCD,-0.0613
2014-07-01,JPM,0.0078
2014-07-01,WMT,-0.0198
2014-07-01,NKE,-0.0054
2014-07-01,AXP,-0.0697
2014-07-01,INTC,0.0968
2014-07-01,TRV,-0.0479
2014-07-01,VZ,0.0413
2014-07-01,HD,-0.0014
2014-07-01,CSCO,0.0229
2014-07-01,GS,0.0324
2014-07-01,V,0.0014
2014-07-01,UNH,-0.0086
2014-08-01,MSFT,0.0591
2014-08-01,KO,0.0618
2014-08-01,XOM,0.0122
2014-08-01,IBM,0.009
2014-08-01,CVX,0.0099
2014-08-01,AAPL,0.0771
2014-08-01,UTX,0.0325
2014-08-01,PG,0.0749
2014-08-01,DOW,0.0486
2014-08-01,CAT,0.0826
2014-08-01,WBA,-0.1151
2014-08-01,BA,0.0585
2014-08-01,PFE,0.024
2014-08-01,JNJ,0.0434
2014-08-01,MMM,0.0281
2014-08-01,MRK,0.0594
2014-08-01,DIS,0.0466
2014-08-01,MCD,-0.0003
2014-08-01,JPM,0.0309
2014-08-01,WMT,0.0326
2014-08-01,NKE,0.0215
2014-08-01,AXP,0.0176
2014-08-01,INTC,0.037
2014-08-01,TRV,0.0575
2014-08-01,VZ,-0.0119
2014-08-01,HD,0.1565
2014-08-01,CSCO,-0.0095
2014-08-01,GS,0.0393
2014-08-01,V,0.0091
2014-08-01,UNH,0.0695
2014-09-01,MSFT,0.0205
2014-09-01,KO,0.0298
2014-09-01,XOM,-0.0544
2014-09-01,IBM,-0.0128
2014-09-01,CVX,-0.0783
2014-09-01,AAPL,-0.0171
2014-09-01,UTX,-0.022
2014-09-01,PG,0.0076
2014-09-01,DOW,-0.0138
2014-09-01,CAT,-0.0921
2014-09-01,WBA,-0.0207
2014-09-01,BA,0.0046
2014-09-01,PFE,0.0061
2014-09-01,JNJ,0.0276
2014-09-01,MMM,-0.0161
2014-09-01,MRK,-0.0065
2014-09-01,DIS,-0.0095
2014-09-01,MCD,0.0116
2014-09-01,JPM,0.0133
2014-09-01,WMT,0.0128
2014-09-01,NKE,0.1356
2014-09-01,AXP,-0.0224
2014-09-01,INTC,-0.0029
2014-09-01,TRV,-0.0023
2014-09-01,VZ,0.0034
2014-09-01,HD,-0.0138
2014-09-01,CSCO,0.0148
2014-09-01,GS,0.0249
2014-09-01,V,0.004
2014-09-01,UNH,-0.0006
2014-10-01,MSFT,0.0127
2014-10-01,KO,-0.0183
2014-10-01,XOM,0.0283
2014-10-01,IBM,-0.134
2014-10-01,CVX,0.0053
2014-10-01,AAPL,0.072
2014-10-01,UTX,0.0133
2014-10-01,PG,0.0498
2014-10-01,DOW,-0.058
2014-10-01,CAT,0.0311
2014-10-01,WBA,0.0835
2014-10-01,BA,-0.0194
2014-10-01,PFE,0.0129
2014-10-01,JNJ,0.0112
2014-10-01,MMM,0.0853
2014-10-01,MRK,-0.0226
2014-10-01,DIS,0.0264
2014-10-01,MCD,-0.0114
2014-10-01,JPM,0.0106
2014-10-01,WMT,-0.0026
2014-10-01,NKE,0.0423
2014-10-01,AXP,0.0305
2014-10-01,INTC,-0.0233
2014-10-01,TRV,0.073
2014-10-01,VZ,0.0162
2014-10-01,HD,0.063
2014-10-01,CSCO,-0.0278
2014-10-01,GS,0.035
2014-10-01,V,0.1315
2014-10-01,UNH,0.1016
2014-11-01,MSFT,0.0249
2014-11-01,KO,0.0777
2014-11-01,XOM,-0.0567
2014-11-01,IBM,-0.0069
2014-11-01,CVX,-0.0835
2014-11-01,AAPL,0.1056
2014-11-01,UTX,0.0343
2014-11-01,PG,0.0362
2014-11-01,DOW,-0.0148
2014-11-01,CAT,-0.008
2014-11-01,WBA,0.0736
2014-11-01,BA,0.0815
2014-11-01,PFE,0.0487
2014-11-01,JNJ,0.0109
2014-11-01,MMM,0.0467
2014-11-01,MRK,0.0425
2014-11-01,DIS,0.0124
2014-11-01,MCD,0.0419
2014-11-01,JPM,-0.0053
2014-11-01,WMT,0.1478
2014-11-01,NKE,0.068
2014-11-01,AXP,0.0275
2014-11-01,INTC,0.1019
2014-11-01,TRV,0.0362
2014-11-01,VZ,0.0068
2014-11-01,HD,0.0193
2014-11-01,CSCO,0.1295
2014-11-01,GS,-0.0052
2014-11-01,V,0.0714
2014-11-01,UNH,0.0381
2014-12-01,MSFT,-0.0284
2014-12-01,KO,-0.0582
2014-12-01,XOM,0.0211
2014-12-01,IBM,-0.0107
2014-12-01,CVX,0.0304
2014-12-01,AAPL,-0.0719
2014-12-01,UTX,0.0447
2014-12-01,PG,0.0073
2014-12-01,DOW,-0.0542
2014-12-01,CAT,-0.0902
2014-12-01,WBA,0.1106
2014-12-01,BA,-0.0326
2014-12-01,PFE,0
2014-12-01,JNJ,-0.034
2014-12-01,MMM,0.0264
2014-12-01,MRK,-0.0523
2014-12-01,DIS,0.0306
2014-12-01,MCD,-0.0321
2014-12-01,JPM,0.0402
2014-12-01,WMT,-0.0135
2014-12-01,NKE,-0.0288
2014-12-01,AXP,0.0067
2014-12-01,INTC,-0.0258
2014-12-01,TRV,0.0187
2014-12-01,VZ,-0.0753
2014-12-01,HD,0.0608
2014-12-01,CSCO,0.0063
2014-12-01,GS,0.0288
2014-12-01,V,0.0155
2014-12-01,UNH,0.0287
2015-01-01,MSFT,-0.1302
2015-01-01,KO,-0.0249
2015-01-01,XOM,-0.0544
2015-01-01,IBM,-0.0444
2015-01-01,CVX,-0.086
2015-01-01,AAPL,0.0614
2015-01-01,UTX,-0.0019
2015-01-01,PG,-0.0676
2015-01-01,DOW,-0.0099
2015-01-01,CAT,-0.1187
2015-01-01,WBA,-0.0322
2015-01-01,BA,0.1184
2015-01-01,PFE,0.0032
2015-01-01,JNJ,-0.0424
2015-01-01,MMM,-0.0123
2015-01-01,MRK,0.0615
2015-01-01,DIS,-0.0343
2015-01-01,MCD,-0.0134
2015-01-01,JPM,-0.1246
2015-01-01,WMT,-0.0105
2015-01-01,NKE,-0.0406
2015-01-01,AXP,-0.1299
2015-01-01,INTC,-0.0896
2015-01-01,TRV,-0.0286
2015-01-01,VZ,-0.0111
2015-01-01,HD,-0.0052
2015-01-01,CSCO,-0.0453
2015-01-01,GS,-0.1105
2015-01-01,V,-0.0278
2015-01-01,UNH,0.051
2015-02-01,MSFT,0.0931
2015-02-01,KO,0.0517
2015-02-01,XOM,0.0207
2015-02-01,IBM,0.0635
2015-02-01,CVX,0.0509
2015-02-01,AAPL,0.1005
2015-02-01,UTX,0.0677
2015-02-01,PG,0.01
2015-02-01,DOW,0.0903
2015-02-01,CAT,0.0366
2015-02-01,WBA,0.1311
2015-02-01,BA,0.044
2015-02-01,PFE,0.1072
2015-02-01,JNJ,0.0307
2015-02-01,MMM,0.0454
2015-02-01,MRK,-0.0289
2015-02-01,DIS,0.1442
2015-02-01,MCD,0.0791
2015-02-01,JPM,0.1269
2015-02-01,WMT,-0.0124
2015-02-01,NKE,0.0558
2015-02-01,AXP,0.0112
2015-02-01,INTC,0.0136
2015-02-01,TRV,0.0449
2015-02-01,VZ,0.0818
2015-02-01,HD,0.0989
2015-02-01,CSCO,0.1193
2015-02-01,GS,0.1043
2015-02-01,V,0.0662
2015-02-01,UNH,0.0695
2015-03-01,MSFT,-0.0729
2015-03-01,KO,-0.0559
2015-03-01,XOM,-0.04
2015-03-01,IBM,-0.0089
2015-03-01,CVX,-0.0159
2015-03-01,AAPL,-0.0314
2015-03-01,UTX,-0.0386
2015-03-01,PG,-0.0375
2015-03-01,DOW,-0.0171
2015-03-01,CAT,-0.0346
2015-03-01,WBA,0.0193
2015-03-01,BA,-0.0051
2015-03-01,PFE,0.0137
2015-03-01,JNJ,-0.0186
2015-03-01,MMM,-0.0219
2015-03-01,MRK,-0.0104
2015-03-01,DIS,0.0078
2015-03-01,MCD,-0.0148
2015-03-01,JPM,-0.0114
2015-03-01,WMT,-0.0142
2015-03-01,NKE,0.0331
2015-03-01,AXP,-0.0393
2015-03-01,INTC,-0.0595
2015-03-01,TRV,0.0115
2015-03-01,VZ,-0.0166
2015-03-01,HD,-0.0048
2015-03-01,CSCO,-0.0601
2015-03-01,GS,-0.0096
2015-03-01,V,-0.0356
2015-03-01,UNH,0.0443
2015-04-01,MSFT,0.1964
2015-04-01,KO,0.0002
2015-04-01,XOM,0.0279
2015-04-01,IBM,0.0672
2015-04-01,CVX,0.0579
2015-04-01,AAPL,0.0058
2015-04-01,UTX,-0.0294
2015-04-01,PG,-0.0216
2015-04-01,DOW,0.0629
2015-04-01,CAT,0.0943
2015-04-01,WBA,-0.0207
2015-04-01,BA,-0.0449
2015-04-01,PFE,-0.0247
2015-04-01,JNJ,-0.0139
2015-04-01,MMM,-0.0519
2015-04-01,MRK,0.0362
2015-04-01,DIS,0.0365
2015-04-01,MCD,-0.0091
2015-04-01,JPM,0.0508
2015-04-01,WMT,-0.0511
2015-04-01,NKE,-0.0149
2015-04-01,AXP,-0.0086
2015-04-01,INTC,0.0409
2015-04-01,TRV,-0.0649
2015-04-01,VZ,0.0485
2015-04-01,HD,-0.0584
2015-04-01,CSCO,0.0474
2015-04-01,GS,0.045
2015-04-01,V,0.0098
2015-04-01,UNH,-0.0582
2015-05-01,MSFT,-0.0302
2015-05-01,KO,0.0099
2015-05-01,XOM,-0.0165
2015-05-01,IBM,-0.002
2015-05-01,CVX,-0.0629
2015-05-01,AAPL,0.0451
2015-05-01,UTX,0.0357
2015-05-01,PG,-0.0141
2015-05-01,DOW,0.021
2015-05-01,CAT,-0.018
2015-05-01,WBA,0.0392
2015-05-01,BA,-0.0133
2015-05-01,PFE,0.0324
2015-05-01,JNJ,0.017
2015-05-01,MMM,0.0238
2015-05-01,MRK,0.0223
2015-05-01,DIS,0.0152
2015-05-01,MCD,0.0024
2015-05-01,JPM,0.0398
2015-05-01,WMT,-0.0422
2015-05-01,NKE,0.0315
2015-05-01,AXP,0.0293
2015-05-01,INTC,0.0661
2015-05-01,TRV,0.0001
2015-05-01,VZ,-0.0198
2015-05-01,HD,0.0415
2015-05-01,CSCO,0.0166
2015-05-01,GS,0.053
2015-05-01,V,0.0416
2015-05-01,UNH,0.0791
2015-06-01,MSFT,-0.0578
2015-06-01,KO,-0.0342
2015-06-01,XOM,-0.0235
2015-06-01,IBM,-0.0412
2015-06-01,CVX,-0.0634
2015-06-01,AAPL,-0.0373
2015-06-01,UTX,-0.0533
2015-06-01,PG,-0.0019
2015-06-01,DOW,-0.0092
2015-06-01,CAT,-0.0059
2015-06-01,WBA,-0.0163
2015-06-01,BA,-0.0128
2015-06-01,PFE,-0.0351
2015-06-01,JNJ,-0.0268
2015-06-01,MMM,-0.03
2015-06-01,MRK,-0.0576
2015-06-01,DIS,0.0342
2015-06-01,MCD,-0.009
2015-06-01,JPM,0.0301
2015-06-01,WMT,-0.045
2015-06-01,NKE,0.0625
2015-06-01,AXP,-0.0215
2015-06-01,INTC,-0.1174
2015-06-01,TRV,-0.0381
2015-06-01,VZ,-0.0572
2015-06-01,HD,0.0027
2015-06-01,CSCO,-0.0631
2015-06-01,GS,0.0126
2015-06-01,V,-0.0223
2015-06-01,UNH,0.0191
2015-07-01,MSFT,0.0578
2015-07-01,KO,0.0472
2015-07-01,XOM,-0.048
2015-07-01,IBM,-0.0041
2015-07-01,CVX,-0.0828
2015-07-01,AAPL,-0.0329
2015-07-01,UTX,-0.0957
2015-07-01,PG,-0.0112
2015-07-01,DOW,-0.0803
2015-07-01,CAT,-0.0639
2015-07-01,WBA,0.1444
2015-07-01,BA,0.0393
2015-07-01,PFE,0.0755
2015-07-01,JNJ,0.0282
2015-07-01,MMM,-0.0192
2015-07-01,MRK,0.0357
2015-07-01,DIS,0.0571
2015-07-01,MCD,0.0504
2015-07-01,JPM,0.0179
2015-07-01,WMT,0.0148
2015-07-01,NKE,0.0667
2015-07-01,AXP,-0.0214
2015-07-01,INTC,-0.0482
2015-07-01,TRV,0.0979
2015-07-01,VZ,0.0157
2015-07-01,HD,0.0531
2015-07-01,CSCO,0.0426
2015-07-01,GS,-0.0178
2015-07-01,V,0.122
2015-07-01,UNH,-0.0049
2015-08-01,MSFT,-0.0615
2015-08-01,KO,-0.0428
2015-08-01,XOM,-0.0409
2015-08-01,IBM,-0.079
2015-08-01,CVX,-0.0726
2015-08-01,AAPL,-0.0661
2015-08-01,UTX,-0.0804
2015-08-01,PG,-0.0786
2015-08-01,DOW,-0.0701
2015-08-01,CAT,-0.0279
2015-08-01,WBA,-0.1006
2015-08-01,BA,-0.0873
2015-08-01,PFE,-0.0987
2015-08-01,JNJ,-0.0547
2015-08-01,MMM,-0.054
2015-08-01,MRK,-0.0867
2015-08-01,DIS,-0.151
2015-08-01,MCD,-0.04
2015-08-01,JPM,-0.0646
2015-08-01,WMT,-0.0939
2015-08-01,NKE,-0.0301
2015-08-01,AXP,0.0087
2015-08-01,INTC,-0.0059
2015-08-01,TRV,-0.0619
2015-08-01,VZ,-0.0167
2015-08-01,HD,-0.0049
2015-08-01,CSCO,-0.0894
2015-08-01,GS,-0.0771
2015-08-01,V,-0.052
2015-08-01,UNH,-0.047
2015-09-01,MSFT,0.017
2015-09-01,KO,0.0287
2015-09-01,XOM,-0.0118
2015-09-01,IBM,-0.0197
2015-09-01,CVX,-0.0261
2015-09-01,AAPL,-0.0218
2015-09-01,UTX,-0.0286
2015-09-01,PG,0.018
2015-09-01,DOW,-0.0215
2015-09-01,CAT,-0.1449
2015-09-01,WBA,-0.0399
2015-09-01,BA,0.0021
2015-09-01,PFE,-0.0251
2015-09-01,JNJ,-0.0067
2015-09-01,MMM,-0.0026
2015-09-01,MRK,-0.0745
2015-09-01,DIS,0.0031
2015-09-01,MCD,0.0369
2015-09-01,JPM,-0.0488
2015-09-01,WMT,0.0017
2015-09-01,NKE,0.1029
2015-09-01,AXP,-0.0338
2015-09-01,INTC,0.0561
2015-09-01,TRV,0.0059
2015-09-01,VZ,-0.0543
2015-09-01,HD,-0.0033
2015-09-01,CSCO,0.0143
2015-09-01,GS,-0.0787
2015-09-01,V,-0.023
2015-09-01,UNH,0.007
2015-10-01,MSFT,0.1893
2015-10-01,KO,0.0556
2015-10-01,XOM,0.1128
2015-10-01,IBM,-0.0337
2015-10-01,CVX,0.1521
2015-10-01,AAPL,0.0834
2015-10-01,UTX,0.1059
2015-10-01,PG,0.0709
2015-10-01,DOW,0.2186
2015-10-01,CAT,0.1285
2015-10-01,WBA,0.019
2015-10-01,BA,0.1307
2015-10-01,PFE,0.0767
2015-10-01,JNJ,0.0823
2015-10-01,MMM,0.1089
2015-10-01,MRK,0.1067
2015-10-01,DIS,0.1129
2015-10-01,MCD,0.1392
2015-10-01,JPM,0.061
2015-10-01,WMT,-0.1172
2015-10-01,NKE,0.0655
2015-10-01,AXP,-0.0078
2015-10-01,INTC,0.1234
2015-10-01,TRV,0.1342
2015-10-01,VZ,0.0904
2015-10-01,HD,0.0706
2015-10-01,CSCO,0.107
2015-10-01,GS,0.0791
2015-10-01,V,0.1137
2015-10-01,UNH,0.0153
2015-11-01,MSFT,0.0393
2015-11-01,KO,0.0142
2015-11-01,XOM,-0.0042
2015-11-01,IBM,0.0046
2015-11-01,CVX,0.0166
2015-11-01,AAPL,-0.0057
2015-11-01,UTX,-0.0175
2015-11-01,PG,-0.0202
2015-11-01,DOW,0.0089
2015-11-01,CAT,-0.0047
2015-11-01,WBA,-0.0034
2015-11-01,BA,-0.0115
2015-11-01,PFE,-0.0228
2015-11-01,JNJ,0.0095
2015-11-01,MMM,0.0025
2015-11-01,MRK,-0.0302
2015-11-01,DIS,-0.0024
2015-11-01,MCD,0.0249
2015-11-01,JPM,0.0378
2015-11-01,WMT,0.028
2015-11-01,NKE,0.0095
2015-11-01,AXP,-0.0221
2015-11-01,INTC,0.034
2015-11-01,TRV,0.0149
2015-11-01,VZ,-0.0305
2015-11-01,HD,0.0828
2015-11-01,CSCO,-0.0555
2015-11-01,GS,0.0169
2015-11-01,V,0.0202
2015-11-01,UNH,-0.043
2015-12-01,MSFT,0.0208
2015-12-01,KO,0.008
2015-12-01,XOM,-0.0454
2015-12-01,IBM,-0.0129
2015-12-01,CVX,-0.0149
2015-12-01,AAPL,-0.1102
2015-12-01,UTX,0.0002
2015-12-01,PG,0.0611
2015-12-01,DOW,-0.0036
2015-12-01,CAT,-0.0646
2015-12-01,WBA,0.0134
2015-12-01,BA,-0.0059
2015-12-01,PFE,-0.015
2015-12-01,JNJ,0.0146
2015-12-01,MMM,-0.0379
2015-12-01,MRK,0.0051
2015-12-01,DIS,-0.0677
2015-12-01,MCD,0.0349
2015-12-01,JPM,-0.0097
2015-12-01,WMT,0.0501
2015-12-01,NKE,-0.0526
2015-12-01,AXP,-0.0292
2015-12-01,INTC,-0.0092
2015-12-01,TRV,-0.0096
2015-12-01,VZ,0.0169
2015-12-01,HD,-0.0078
2015-12-01,CSCO,-0.0035
2015-12-01,GS,-0.0515
2015-12-01,V,-0.0185
2015-12-01,UNH,0.0482
2016-01-01,MSFT,-0.007
2016-01-01,KO,-0.0009
2016-01-01,XOM,-0.0013
2016-01-01,IBM,-0.0932
2016-01-01,CVX,-0.0388
2016-01-01,AAPL,-0.0752
2016-01-01,UTX,-0.0872
2016-01-01,PG,0.0371
2016-01-01,DOW,-0.1841
2016-01-01,CAT,-0.0728
2016-01-01,WBA,-0.0638
2016-01-01,BA,-0.1692
2016-01-01,PFE,-0.0555
2016-01-01,JNJ,0.0167
2016-01-01,MMM,0.0024
2016-01-01,MRK,-0.0407
2016-01-01,DIS,-0.0881
2016-01-01,MCD,0.0477
2016-01-01,JPM,-0.0922
2016-01-01,WMT,0.0825
2016-01-01,NKE,-0.0078
2016-01-01,AXP,-0.2266
2016-01-01,INTC,-0.0996
2016-01-01,TRV,-0.0516
2016-01-01,VZ,0.0934
2016-01-01,HD,-0.0491
2016-01-01,CSCO,-0.1162
2016-01-01,GS,-0.1036
2016-01-01,V,-0.0395
2016-01-01,UNH,-0.0211
2016-02-01,MSFT,-0.0699
2016-02-01,KO,0.0049
2016-02-01,XOM,0.0389
2016-02-01,IBM,0.0604
2016-02-01,CVX,-0.0227
2016-02-01,AAPL,-0.0013
2016-02-01,UTX,0.1091
2016-02-01,PG,-0.0171
2016-02-01,DOW,0.1574
2016-02-01,CAT,0.0877
2016-02-01,WBA,-0.0053
2016-02-01,BA,-0.0072
2016-02-01,PFE,-0.0171
2016-02-01,JNJ,0.0146
2016-02-01,MMM,0.0462
2016-02-01,MRK,-0.0091
2016-02-01,DIS,-0.0031
2016-02-01,MCD,-0.046
2016-02-01,JPM,-0.0538
2016-02-01,WMT,-0.0003
2016-02-01,NKE,-0.0068
2016-02-01,AXP,0.0389
2016-02-01,INTC,-0.0377
2016-02-01,TRV,0.0045
2016-02-01,VZ,0.0152
2016-02-01,HD,-0.013
2016-02-01,CSCO,0.1005
2016-02-01,GS,-0.0704
2016-02-01,V,-0.0263
2016-02-01,UNH,0.0342
2016-03-01,MSFT,0.0855
2016-03-01,KO,0.0837
2016-03-01,XOM,0.0429
2016-03-01,IBM,0.1558
2016-03-01,CVX,0.1433
2016-03-01,AAPL,0.1272
2016-03-01,UTX,0.036
2016-03-01,PG,0.0252
2016-03-01,DOW,0.0558
2016-03-01,CAT,0.1306
2016-03-01,WBA,0.0671
2016-03-01,BA,0.0741
2016-03-01,PFE,-0.001
2016-03-01,JNJ,0.0284
2016-03-01,MMM,0.0622
2016-03-01,MRK,0.0629
2016-03-01,DIS,0.0397
2016-03-01,MCD,0.0724
2016-03-01,JPM,0.0519
2016-03-01,WMT,0.0399
2016-03-01,NKE,0.0006
2016-03-01,AXP,0.1047
2016-03-01,INTC,0.0933
2016-03-01,TRV,0.0911
2016-03-01,VZ,0.066
2016-03-01,HD,0.0806
2016-03-01,CSCO,0.0875
2016-03-01,GS,0.0498
2016-03-01,V,0.0565
2016-03-01,UNH,0.0865
2016-04-01,MSFT,-0.097
2016-04-01,KO,-0.0343
2016-04-01,XOM,0.0575
2016-04-01,IBM,-0.0364
2016-04-01,CVX,0.0711
2016-04-01,AAPL,-0.1399
2016-04-01,UTX,0.0427
2016-04-01,PG,-0.0185
2016-04-01,DOW,0.0344
2016-04-01,CAT,0.0255
2016-04-01,WBA,-0.0589
2016-04-01,BA,0.0619
2016-04-01,PFE,0.1036
2016-04-01,JNJ,0.0359
2016-04-01,MMM,0.0045
2016-04-01,MRK,0.0365
2016-04-01,DIS,0.0398
2016-04-01,MCD,0.0064
2016-04-01,JPM,0.0746
2016-04-01,WMT,-0.0237
2016-04-01,NKE,-0.0412
2016-04-01,AXP,0.0704
2016-04-01,INTC,-0.064
2016-04-01,TRV,-0.0583
2016-04-01,VZ,-0.0476
2016-04-01,HD,0.0034
2016-04-01,CSCO,-0.0253
2016-04-01,GS,0.0454
2016-04-01,V,0.0099
2016-04-01,UNH,0.0216
2016-05-01,MSFT,0.07
2016-05-01,KO,-0.0045
2016-05-01,XOM,0.0155
2016-05-01,IBM,0.063
2016-05-01,CVX,-0.0011
2016-05-01,AAPL,0.0714
2016-05-01,UTX,-0.03
2016-05-01,PG,0.0115
2016-05-01,DOW,-0.0238
2016-05-01,CAT,-0.067
2016-05-01,WBA,-0.0192
2016-05-01,BA,-0.0561
2016-05-01,PFE,0.07
2016-05-01,JNJ,0.0126
2016-05-01,MMM,0.0122
2016-05-01,MRK,0.0259
2016-05-01,DIS,-0.0391
2016-05-01,MCD,-0.035
2016-05-01,JPM,0.0328
2016-05-01,WMT,0.0659
2016-05-01,NKE,-0.0631
2016-05-01,AXP,0.005
2016-05-01,INTC,0.0518
2016-05-01,TRV,0.0386
2016-05-01,VZ,-0.0008
2016-05-01,HD,-0.0081
2016-05-01,CSCO,0.0567
2016-05-01,GS,-0.0243
2016-05-01,V,0.0238
2016-05-01,UNH,0.0151
2016-06-01,MSFT,-0.0345
2016-06-01,KO,0.0242
2016-06-01,XOM,0.053
2016-06-01,IBM,-0.0127
2016-06-01,CVX,0.0379
2016-06-01,AAPL,-0.0427
2016-06-01,UTX,0.0196
2016-06-01,PG,0.0448
2016-06-01,DOW,-0.0232
2016-06-01,CAT,0.0455
2016-06-01,WBA,0.0758
2016-06-01,BA,0.0295
2016-06-01,PFE,0.0147
2016-06-01,JNJ,0.0764
2016-06-01,MMM,0.0404
2016-06-01,MRK,0.0322
2016-06-01,DIS,-0.0141
2016-06-01,MCD,-0.0068
2016-06-01,JPM,-0.048
2016-06-01,WMT,0.0316
2016-06-01,NKE,0.0025
2016-06-01,AXP,-0.0716
2016-06-01,INTC,0.0383
2016-06-01,TRV,0.0488
2016-06-01,VZ,0.0971
2016-06-01,HD,-0.0335
2016-06-01,CSCO,-0.0124
2016-06-01,GS,-0.0683
2016-06-01,V,-0.0604
2016-06-01,UNH,0.061
2016-07-01,MSFT,0.1077
2016-07-01,KO,-0.0375
2016-07-01,XOM,-0.0511
2016-07-01,IBM,0.0582
2016-07-01,CVX,-0.0224
2016-07-01,AAPL,0.0901
2016-07-01,UTX,0.0497
2016-07-01,PG,0.0188
2016-07-01,DOW,0.0797
2016-07-01,CAT,0.1018
2016-07-01,WBA,-0.0483
2016-07-01,BA,0.0292
2016-07-01,PFE,0.0477
2016-07-01,JNJ,0.0324
2016-07-01,MMM,0.0185
2016-07-01,MRK,0.0182
2016-07-01,DIS,-0.0119
2016-07-01,MCD,-0.0224
2016-07-01,JPM,0.0372
2016-07-01,WMT,-0.0007
2016-07-01,NKE,0.0054
2016-07-01,AXP,0.0609
2016-07-01,INTC,0.0628
2016-07-01,TRV,-0.0237
2016-07-01,VZ,0.0024
2016-07-01,HD,0.0826
2016-07-01,CSCO,0.0732
2016-07-01,GS,0.0689
2016-07-01,V,0.0523
2016-07-01,UNH,0.0142
2016-08-01,MSFT,0.0201
2016-08-01,KO,-0.0046
2016-08-01,XOM,-0.0119
2016-08-01,IBM,-0.0021
2016-08-01,CVX,-0.0081
2016-08-01,AAPL,0.0236
2016-08-01,UTX,-0.0052
2016-08-01,PG,0.0201
2016-08-01,DOW,-0.0006
2016-08-01,CAT,-0.0098
2016-08-01,WBA,0.0232
2016-08-01,BA,-0.0233
2016-08-01,PFE,-0.0485
2016-08-01,JNJ,-0.0406
2016-08-01,MMM,0.0112
2016-08-01,MRK,0.0704
2016-08-01,DIS,-0.0155
2016-08-01,MCD,-0.0094
2016-08-01,JPM,0.0552
2016-08-01,WMT,-0.0141
2016-08-01,NKE,0.0386
2016-08-01,AXP,0.0174
2016-08-01,INTC,0.037
2016-08-01,TRV,0.0214
2016-08-01,VZ,-0.0556
2016-08-01,HD,-0.0248
2016-08-01,CSCO,0.0298
2016-08-01,GS,0.0712
2016-08-01,V,0.0383
2016-08-01,UNH,-0.0499
2016-09-01,MSFT,0.0024
2016-09-01,KO,-0.0175
2016-09-01,XOM,0.0016
2016-09-01,IBM,-0.0002
2016-09-01,CVX,0.0233
2016-09-01,AAPL,0.0655
2016-09-01,UTX,-0.0454
2016-09-01,PG,0.0279
2016-09-01,DOW,-0.0252
2016-09-01,CAT,0.0832
2016-09-01,WBA,-0.0011
2016-09-01,BA,0.0177
2016-09-01,PFE,-0.0267
2016-09-01,JNJ,-0.0101
2016-09-01,MMM,-0.0168
2016-09-01,MRK,0.0013
2016-09-01,DIS,-0.0169
2016-09-01,MCD,-0.0026
2016-09-01,JPM,-0.0135
2016-09-01,WMT,0.0095
2016-09-01,NKE,-0.0838
2016-09-01,AXP,-0.0235
2016-09-01,INTC,0.0518
2016-09-01,TRV,-0.0294
2016-09-01,VZ,-0.0067
2016-09-01,HD,-0.0406
2016-09-01,CSCO,0.0089
2016-09-01,GS,-0.0483
2016-09-01,V,0.0222
2016-09-01,UNH,0.0336
2016-10-01,MSFT,0.0403
2016-10-01,KO,0.0019
2016-10-01,XOM,-0.0454
2016-10-01,IBM,-0.0325
2016-10-01,CVX,0.0178
2016-10-01,AAPL,0.0043
2016-10-01,UTX,0.0059
2016-10-01,PG,-0.0254
2016-10-01,DOW,0.0382
2016-10-01,CAT,-0.0511
2016-10-01,WBA,0.0262
2016-10-01,BA,0.0811
2016-10-01,PFE,-0.0638
2016-10-01,JNJ,-0.0181
2016-10-01,MMM,-0.062
2016-10-01,MRK,-0.0591
2016-10-01,DIS,-0.0018
2016-10-01,MCD,-0.0242
2016-10-01,JPM,0.0473
2016-10-01,WMT,-0.0291
2016-10-01,NKE,-0.0469
2016-10-01,AXP,0.0422
2016-10-01,INTC,-0.0763
2016-10-01,TRV,-0.0556
2016-10-01,VZ,-0.0635
2016-10-01,HD,-0.0518
2016-10-01,CSCO,-0.0246
2016-10-01,GS,0.1052
2016-10-01,V,-0.0023
2016-10-01,UNH,0.0095
2016-11-01,MSFT,0.0122
2016-11-01,KO,-0.0401
2016-11-01,XOM,0.0568
2016-11-01,IBM,0.0646
2016-11-01,CVX,0.0753
2016-11-01,AAPL,-0.0216
2016-11-01,UTX,0.0605
2016-11-01,PG,-0.05
2016-11-01,DOW,0.0355
2016-11-01,CAT,0.145
2016-11-01,WBA,0.0287
2016-11-01,BA,0.0647
2016-11-01,PFE,0.023
2016-11-01,JNJ,-0.0335
2016-11-01,MMM,0.0457
2016-11-01,MRK,0.0421
2016-11-01,DIS,0.0694
2016-11-01,MCD,0.0679
2016-11-01,JPM,0.1575
2016-11-01,WMT,0.0059
2016-11-01,NKE,-0.0022
2016-11-01,AXP,0.0846
2016-11-01,INTC,0.0026
2016-11-01,TRV,0.0478
2016-11-01,VZ,0.0374
2016-11-01,HD,0.0662
2016-11-01,CSCO,-0.028
2016-11-01,GS,0.234
2016-11-01,V,-0.0609
2016-11-01,UNH,0.1246
2016-12-01,MSFT,0.0312
2016-12-01,KO,0.0275
2016-12-01,XOM,0.0339
2016-12-01,IBM,0.0232
2016-12-01,CVX,0.055
2016-12-01,AAPL,0.048
2016-12-01,UTX,0.0176
2016-12-01,PG,0.0196
2016-12-01,DOW,0.0352
2016-12-01,CAT,-0.0295
2016-12-01,WBA,-0.0232
2016-12-01,BA,0.034
2016-12-01,PFE,0.0106
2016-12-01,JNJ,0.0351
2016-12-01,MMM,0.0398
2016-12-01,MRK,-0.0302
2016-12-01,DIS,0.0593
2016-12-01,MCD,0.0205
2016-12-01,JPM,0.0763
2016-12-01,WMT,-0.0115
2016-12-01,NKE,0.0188
2016-12-01,AXP,0.0283
2016-12-01,INTC,0.0452
2016-12-01,TRV,0.0859
2016-12-01,VZ,0.0697
2016-12-01,HD,0.0362
2016-12-01,CSCO,0.0134
2016-12-01,GS,0.0919
2016-12-01,V,0.0091
2016-12-01,UNH,0.0109
2017-01-01,MSFT,0.0404
2017-01-01,KO,0.0027
2017-01-01,XOM,-0.0706
2017-01-01,IBM,0.0514
2017-01-01,CVX,-0.054
2017-01-01,AAPL,0.0477
2017-01-01,UTX,0.0005
2017-01-01,PG,0.0498
2017-01-01,DOW,0.0421
2017-01-01,CAT,0.0398
2017-01-01,WBA,-0.0099
2017-01-01,BA,0.0497
2017-01-01,PFE,-0.0231
2017-01-01,JNJ,-0.017
2017-01-01,MMM,-0.021
2017-01-01,MRK,0.053
2017-01-01,DIS,0.0617
2017-01-01,MCD,0.007
2017-01-01,JPM,-0.0137
2017-01-01,WMT,-0.0344
2017-01-01,NKE,0.0407
2017-01-01,AXP,0.0354
2017-01-01,INTC,0.0152
2017-01-01,TRV,-0.0379
2017-01-01,VZ,-0.071
2017-01-01,HD,0.0261
2017-01-01,CSCO,0.0251
2017-01-01,GS,-0.0423
2017-01-01,V,0.0601
2017-01-01,UNH,0.0129
2017-02-01,MSFT,-0.0043
2017-02-01,KO,0.0094
2017-02-01,XOM,-0.0217
2017-02-01,IBM,0.0384
2017-02-01,CVX,0.02
2017-02-01,AAPL,0.1336
2017-02-01,UTX,0.0323
2017-02-01,PG,0.0396
2017-02-01,DOW,0.0441
2017-02-01,CAT,0.0105
2017-02-01,WBA,0.0588
2017-02-01,BA,0.1116
2017-02-01,PFE,0.0854
2017-02-01,JNJ,0.0862
2017-02-01,MMM,0.0727
2017-02-01,MRK,0.0626
2017-02-01,DIS,-0.0051
2017-02-01,MCD,0.0491
2017-02-01,JPM,0.0708
2017-02-01,WMT,0.0628
2017-02-01,NKE,0.0805
2017-02-01,AXP,0.0482
2017-02-01,INTC,-0.0098
2017-02-01,TRV,0.0379
2017-02-01,VZ,0.0127
2017-02-01,HD,0.0533
2017-02-01,CSCO,0.1126
2017-02-01,GS,0.0846
2017-02-01,V,0.0652
2017-02-01,UNH,0.0202
2017-03-01,MSFT,0.0294
2017-03-01,KO,0.0203
2017-03-01,XOM,0.0085
2017-03-01,IBM,-0.0316
2017-03-01,CVX,-0.0456
2017-03-01,AAPL,0.0487
2017-03-01,UTX,-0.003
2017-03-01,PG,-0.0134
2017-03-01,DOW,0.0279
2017-03-01,CAT,-0.0403
2017-03-01,WBA,-0.0386
2017-03-01,BA,-0.0187
2017-03-01,PFE,0.0026
2017-03-01,JNJ,0.0191
2017-03-01,MMM,0.0267
2017-03-01,MRK,-0.0282
2017-03-01,DIS,0.03
2017-03-01,MCD,0.0154
2017-03-01,JPM,-0.0307
2017-03-01,WMT,0.0234
2017-03-01,NKE,-0.0219
2017-03-01,AXP,-0.0119
2017-03-01,INTC,-0.0036
2017-03-01,TRV,-0.0084
2017-03-01,VZ,-0.0177
2017-03-01,HD,0.0194
2017-03-01,CSCO,-0.0111
2017-03-01,GS,-0.0739
2017-03-01,V,0.0106
2017-03-01,UNH,-0.0045
2017-04-01,MSFT,0.0395
2017-04-01,KO,0.0167
2017-04-01,XOM,-0.0044
2017-04-01,IBM,-0.0795
2017-04-01,CVX,-0.0062
2017-04-01,AAPL,-0.0001
2017-04-01,UTX,0.0604
2017-04-01,PG,-0.0204
2017-04-01,DOW,-0.0116
2017-04-01,CAT,0.1107
2017-04-01,WBA,0.042
2017-04-01,BA,0.0451
2017-04-01,PFE,-0.0085
2017-04-01,JNJ,-0.0087
2017-04-01,MMM,0.0235
2017-04-01,MRK,-0.019
2017-04-01,DIS,0.0195
2017-04-01,MCD,0.0796
2017-04-01,JPM,-0.0039
2017-04-01,WMT,0.043
2017-04-01,NKE,-0.0057
2017-04-01,AXP,0.0058
2017-04-01,INTC,0.0022
2017-04-01,TRV,0.0093
2017-04-01,VZ,-0.0464
2017-04-01,HD,0.0631
2017-04-01,CSCO,0.0166
2017-04-01,GS,-0.0258
2017-04-01,V,0.0264
2017-04-01,UNH,0.0663
2017-05-01,MSFT,0.0259
2017-05-01,KO,0.0538
2017-05-01,XOM,-0.0047
2017-05-01,IBM,-0.0384
2017-05-01,CVX,-0.0201
2017-05-01,AAPL,0.0678
2017-05-01,UTX,0.0248
2017-05-01,PG,0.0087
2017-05-01,DOW,-0.0134
2017-05-01,CAT,0.031
2017-05-01,WBA,-0.0595
2017-05-01,BA,0.0228
2017-05-01,PFE,-0.028
2017-05-01,JNJ,0.0455
2017-05-01,MMM,0.0501
2017-05-01,MRK,0.0446
2017-05-01,DIS,-0.0663
2017-05-01,MCD,0.0783
2017-05-01,JPM,-0.0557
2017-05-01,WMT,0.0523
2017-05-01,NKE,-0.0437
2017-05-01,AXP,-0.0291
2017-05-01,INTC,0.0064
2017-05-01,TRV,0.0262
2017-05-01,VZ,0.0159
2017-05-01,HD,-0.0109
2017-05-01,CSCO,-0.0746
2017-05-01,GS,-0.0527
2017-05-01,V,0.0458
2017-05-01,UNH,0.0017
2017-06-01,MSFT,-0.013
2017-06-01,KO,-0.0055
2017-06-01,XOM,0.0029
2017-06-01,IBM,0.0079
2017-06-01,CVX,0.0082
2017-06-01,AAPL,-0.0572
2017-06-01,UTX,0.0068
2017-06-01,PG,-0.0107
2017-06-01,DOW,0.0253
2017-06-01,CAT,0.0193
2017-06-01,WBA,-0.0334
2017-06-01,BA,0.0539
2017-06-01,PFE,0.0288
2017-06-01,JNJ,0.0315
2017-06-01,MMM,0.0182
2017-06-01,MRK,-0.0084
2017-06-01,DIS,-0.0157
2017-06-01,MCD,0.0213
2017-06-01,JPM,0.1126
2017-06-01,WMT,-0.0372
2017-06-01,NKE,0.1168
2017-06-01,AXP,0.0949
2017-06-01,INTC,-0.0656
2017-06-01,TRV,0.0192
2017-06-01,VZ,-0.0425
2017-06-01,HD,-0.0007
2017-06-01,CSCO,-0.0073
2017-06-01,GS,0.0504
2017-06-01,V,-0.0152
2017-06-01,UNH,0.0627
2017-07-01,MSFT,0.0547
2017-07-01,KO,0.0221
2017-07-01,XOM,-0.0085
2017-07-01,IBM,-0.0595
2017-07-01,CVX,0.0466
2017-07-01,AAPL,0.0327
2017-07-01,UTX,-0.029
2017-07-01,PG,0.05
2017-07-01,DOW,0.0258
2017-07-01,CAT,0.0677
2017-07-01,WBA,0.0301
2017-07-01,BA,0.2261
2017-07-01,PFE,-0.0128
2017-07-01,JNJ,0.0032
2017-07-01,MMM,-0.0337
2017-07-01,MRK,-0.0033
2017-07-01,DIS,0.042
2017-07-01,MCD,0.0129
2017-07-01,JPM,0.0098
2017-07-01,WMT,0.057
2017-07-01,NKE,0.0008
2017-07-01,AXP,0.0156
2017-07-01,INTC,0.0513
2017-07-01,TRV,0.0123
2017-07-01,VZ,0.0967
2017-07-01,HD,-0.0248
2017-07-01,CSCO,0.0141
2017-07-01,GS,0.0155
2017-07-01,V,0.0616
2017-07-01,UNH,0.0345
2017-08-01,MSFT,0.0338
2017-08-01,KO,-0.0063
2017-08-01,XOM,-0.0367
2017-08-01,IBM,-0.001
2017-08-01,CVX,-0.0045
2017-08-01,AAPL,0.1069
2017-08-01,UTX,0.0156
2017-08-01,PG,0.016
2017-08-01,DOW,0.0375
2017-08-01,CAT,0.0311
2017-08-01,WBA,0.0152
2017-08-01,BA,-0.0057
2017-08-01,PFE,0.0326
2017-08-01,JNJ,0.0037
2017-08-01,MMM,0.0215
2017-08-01,MRK,-0.0003
2017-08-01,DIS,-0.0794
2017-08-01,MCD,0.0372
2017-08-01,JPM,-0.0099
2017-08-01,WMT,-0.0176
2017-08-01,NKE,-0.1026
2017-08-01,AXP,0.0102
2017-08-01,INTC,-0.0036
2017-08-01,TRV,-0.0539
2017-08-01,VZ,-0.0089
2017-08-01,HD,0.0078
2017-08-01,CSCO,0.0242
2017-08-01,GS,-0.0037
2017-08-01,V,0.0414
2017-08-01,UNH,0.037
2017-09-01,MSFT,-0.0037
2017-09-01,KO,-0.0037
2017-09-01,XOM,0.074
2017-09-01,IBM,0.0143
2017-09-01,CVX,0.0918
2017-09-01,AAPL,-0.0602
2017-09-01,UTX,-0.0304
2017-09-01,PG,-0.014
2017-09-01,DOW,
2017-09-01,CAT,0.0615
2017-09-01,WBA,-0.0525
2017-09-01,BA,0.0607
2017-09-01,PFE,0.0525
2017-09-01,JNJ,-0.0178
2017-09-01,MMM,0.0273
2017-09-01,MRK,0.01
2017-09-01,DIS,-0.026
2017-09-01,MCD,-0.0206
2017-09-01,JPM,0.0508
2017-09-01,WMT,0.0009
2017-09-01,NKE,-0.0182
2017-09-01,AXP,0.0506
2017-09-01,INTC,0.0858
2017-09-01,TRV,0.017
2017-09-01,VZ,0.0317
2017-09-01,HD,0.0913
2017-09-01,CSCO,0.0441
2017-09-01,GS,0.0601
2017-09-01,V,0.0166
2017-09-01,UNH,-0.0116
2017-10-01,MSFT,0.1167
2017-10-01,KO,0.0216
2017-10-01,XOM,0.0167
2017-10-01,IBM,0.0619
2017-10-01,CVX,-0.0137
2017-10-01,AAPL,0.0968
2017-10-01,UTX,0.0317
2017-10-01,PG,-0.0434
2017-10-01,CAT,0.0952
2017-10-01,WBA,-0.1418
2017-10-01,BA,0.0148
2017-10-01,PFE,-0.0179
2017-10-01,JNJ,0.0723
2017-10-01,MMM,0.0967
2017-10-01,MRK,-0.1396
2017-10-01,DIS,-0.0077
2017-10-01,MCD,0.0653
2017-10-01,JPM,0.0593
2017-10-01,WMT,0.1174
2017-10-01,NKE,0.0606
2017-10-01,AXP,0.0598
2017-10-01,INTC,0.1946
2017-10-01,TRV,0.081
2017-10-01,VZ,-0.0208
2017-10-01,HD,0.0136
2017-10-01,CSCO,0.0241
2017-10-01,GS,0.0223
2017-10-01,V,0.045
2017-10-01,UNH,0.0734
2017-11-01,MSFT,0.017
2017-11-01,KO,0.0035
2017-11-01,XOM,0.0085
2017-11-01,IBM,0.0092
2017-11-01,CVX,0.0361
2017-11-01,AAPL,0.0204
2017-11-01,UTX,0.02
2017-11-01,PG,0.0423
2017-11-01,CAT,0.0394
2017-11-01,WBA,0.104
2017-11-01,BA,0.0785
2017-11-01,PFE,0.0434
2017-11-01,JNJ,0.0055
2017-11-01,MMM,0.0614
2017-11-01,MRK,0.0033
2017-11-01,DIS,0.0717
2017-11-01,MCD,0.0364
2017-11-01,JPM,0.0389
2017-11-01,WMT,0.1136
2017-11-01,NKE,0.0987
2017-11-01,AXP,0.0229
2017-11-01,INTC,-0.0083
2017-11-01,TRV,0.0236
2017-11-01,VZ,0.0631
2017-11-01,HD,0.0901
2017-11-01,CSCO,0.0922
2017-11-01,GS,0.0244
2017-11-01,V,0.0255
2017-11-01,UNH,0.089
2017-12-01,MSFT,0.0163
2017-12-01,KO,0.0024
2017-12-01,XOM,0.0042
2017-12-01,IBM,-0.0036
2017-12-01,CVX,0.0521
2017-12-01,AAPL,-0.0152
2017-12-01,UTX,0.0504
2017-12-01,PG,0.021
2017-12-01,CAT,0.1164
2017-12-01,WBA,-0.0019
2017-12-01,BA,0.0654
2017-12-01,PFE,-0.0011
2017-12-01,JNJ,0.0028
2017-12-01,MMM,-0.032
2017-12-01,MRK,0.0268
2017-12-01,DIS,0.0337
2017-12-01,MCD,0.0009
2017-12-01,JPM,0.0232
2017-12-01,WMT,0.0209
2017-12-01,NKE,0.0386
2017-12-01,AXP,0.0164
2017-12-01,INTC,0.0294
2017-12-01,TRV,0.0058
2017-12-01,VZ,0.0401
2017-12-01,HD,0.054
2017-12-01,CSCO,0.0268
2017-12-01,GS,0.0288
2017-12-01,V,0.0127
2017-12-01,UNH,-0.0338
2018-01-01,MSFT,0.1107
2018-01-01,KO,0.0373
2018-01-01,XOM,0.0438
2018-01-01,IBM,0.067
2018-01-01,CVX,0.0013
2018-01-01,AAPL,-0.0106
2018-01-01,UTX,0.0818
2018-01-01,PG,-0.0528
2018-01-01,CAT,0.0379
2018-01-01,WBA,0.0364
2018-01-01,BA,0.2016
2018-01-01,PFE,0.0226
2018-01-01,JNJ,-0.0109
2018-01-01,MMM,0.0643
2018-01-01,MRK,0.053
2018-01-01,DIS,0.0108
2018-01-01,MCD,-0.0057
2018-01-01,JPM,0.0869
2018-01-01,WMT,0.0795
2018-01-01,NKE,0.0906
2018-01-01,AXP,0.0044
2018-01-01,INTC,0.0429
2018-01-01,TRV,0.1053
2018-01-01,VZ,0.0327
2018-01-01,HD,0.06
2018-01-01,CSCO,0.0922
2018-01-01,GS,0.0515
2018-01-01,V,0.0895
2018-01-01,UNH,0.074
2018-02-01,MSFT,-0.0086
2018-02-01,KO,-0.0918
2018-02-01,XOM,-0.1236
2018-02-01,IBM,-0.0389
2018-02-01,CVX,-0.0982
2018-02-01,AAPL,0.0676
2018-02-01,UTX,-0.0186
2018-02-01,PG,-0.0906
2018-02-01,CAT,-0.0501
2018-02-01,WBA,-0.0793
2018-02-01,BA,0.0269
2018-02-01,PFE,-0.0105
2018-02-01,JNJ,-0.0541
2018-02-01,MMM,-0.0544
2018-02-01,MRK,-0.0849
2018-02-01,DIS,-0.0507
2018-02-01,MCD,-0.0724
2018-02-01,JPM,-0.0015
2018-02-01,WMT,-0.1556
2018-02-01,NKE,-0.0174
2018-02-01,AXP,-0.019
2018-02-01,INTC,0.0301
2018-02-01,TRV,-0.0728
2018-02-01,VZ,-0.1171
2018-02-01,HD,-0.0927
2018-02-01,CSCO,0.078
2018-02-01,GS,-0.0157
2018-02-01,V,-0.0087
2018-02-01,UNH,-0.0449
2018-03-01,MSFT,-0.0267
2018-03-01,KO,0.0139
2018-03-01,XOM,-0.0149
2018-03-01,IBM,-0.0154
2018-03-01,CVX,0.0189
2018-03-01,AAPL,-0.0581
2018-03-01,UTX,-0.0662
2018-03-01,PG,0.0097
2018-03-01,CAT,-0.0469
2018-03-01,WBA,-0.0496
2018-03-01,BA,-0.0948
2018-03-01,PFE,-0.0226
2018-03-01,JNJ,-0.0133
2018-03-01,MMM,-0.0679
2018-03-01,MRK,0.0135
2018-03-01,DIS,-0.0264
2018-03-01,MCD,-0.0086
2018-03-01,JPM,-0.0479
2018-03-01,WMT,-0.0058
2018-03-01,NKE,-0.0058
2018-03-01,AXP,-0.0434
2018-03-01,INTC,0.0566
2018-03-01,TRV,0.0042
2018-03-01,VZ,0.0017
2018-03-01,HD,-0.0165
2018-03-01,CSCO,-0.0422
2018-03-01,GS,-0.0421
2018-03-01,V,-0.027
2018-03-01,UNH,-0.0505
2018-04-01,MSFT,0.0247
2018-04-01,KO,-0.0051
2018-04-01,XOM,0.0421
2018-04-01,IBM,-0.0552
2018-04-01,CVX,0.0971
2018-04-01,AAPL,-0.015
2018-04-01,UTX,-0.0451
2018-04-01,PG,-0.0785
2018-04-01,CAT,-0.0152
2018-04-01,WBA,0.015
2018-04-01,BA,0.0173
2018-04-01,PFE,0.0316
2018-04-01,JNJ,-0.013
2018-04-01,MMM,-0.1145
2018-04-01,MRK,0.0808
2018-04-01,DIS,-0.0011
2018-04-01,MCD,0.0707
2018-04-01,JPM,-0.0057
2018-04-01,WMT,-0.0057
2018-04-01,NKE,0.0294
2018-04-01,AXP,0.0624
2018-04-01,INTC,-0.0088
2018-04-01,TRV,-0.0523
2018-04-01,VZ,0.0443
2018-04-01,HD,0.0368
2018-04-01,CSCO,0.0403
2018-04-01,GS,-0.0537
2018-04-01,V,0.0607
2018-04-01,UNH,0.1047
2018-05-01,MSFT,0.0614
2018-05-01,KO,-0.0049
2018-05-01,XOM,0.0554
2018-05-01,IBM,-0.0143
2018-05-01,CVX,0.0025
2018-05-01,AAPL,0.1352
2018-05-01,UTX,0.0447
2018-05-01,PG,0.0115
2018-05-01,CAT,0.0523
2018-05-01,WBA,-0.0551
2018-05-01,BA,0.0609
2018-05-01,PFE,-0.0093
2018-05-01,JNJ,-0.0472
2018-05-01,MMM,0.0216
2018-05-01,MRK,0.0112
2018-05-01,DIS,-0.0086
2018-05-01,MCD,-0.0444
2018-05-01,JPM,-0.0163
2018-05-01,WMT,-0.061
2018-05-01,NKE,0.0499
2018-05-01,AXP,-0.0046
2018-05-01,INTC,0.0752
2018-05-01,TRV,-0.0234
2018-05-01,VZ,-0.034
2018-05-01,HD,0.015
2018-05-01,CSCO,-0.0357
2018-05-01,GS,-0.0489
2018-05-01,V,0.0319
2018-05-01,UNH,0.0216
2018-06-01,MSFT,-0.0023
2018-06-01,KO,0.0291
2018-06-01,XOM,0.0183
2018-06-01,IBM,-0.0114
2018-06-01,CVX,0.0171
2018-06-01,AAPL,-0.0094
2018-06-01,UTX,0.0017
2018-06-01,PG,0.0668
2018-06-01,CAT,-0.1069
2018-06-01,WBA,-0.0381
2018-06-01,BA,-0.0473
2018-06-01,PFE,0.0097
2018-06-01,JNJ,0.0144
2018-06-01,MMM,-0.0026
2018-06-01,MRK,0.0277
2018-06-01,DIS,0.0537
2018-06-01,MCD,-0.0144
2018-06-01,JPM,-0.0263
2018-06-01,WMT,0.0377
2018-06-01,NKE,0.1125
2018-06-01,AXP,-0.0031
2018-06-01,INTC,-0.0995
2018-06-01,TRV,-0.0421
2018-06-01,VZ,0.0554
2018-06-01,HD,0.0458
2018-06-01,CSCO,0.0075
2018-06-01,GS,-0.0235
2018-06-01,V,0.0132
2018-06-01,UNH,0.0196
2018-07-01,MSFT,0.0758
2018-07-01,KO,0.0632
2018-07-01,XOM,-0.0147
2018-07-01,IBM,0.0374
2018-07-01,CVX,-0.0013
2018-07-01,AAPL,0.028
2018-07-01,UTX,0.0857
2018-07-01,PG,0.0453
2018-07-01,CAT,0.0663
2018-07-01,WBA,0.1267
2018-07-01,BA,0.062
2018-07-01,PFE,0.1006
2018-07-01,JNJ,0.0921
2018-07-01,MMM,0.0793
2018-07-01,MRK,0.0852
2018-07-01,DIS,0.0915
2018-07-01,MCD,0.0054
2018-07-01,JPM,0.1085
2018-07-01,WMT,0.0418
2018-07-01,NKE,-0.0348
2018-07-01,AXP,0.0191
2018-07-01,INTC,-0.0324
2018-07-01,TRV,0.0638
2018-07-01,VZ,0.0382
2018-07-01,HD,0.0124
2018-07-01,CSCO,-0.0095
2018-07-01,GS,0.0764
2018-07-01,V,0.0324
2018-07-01,UNH,0.0321
2018-08-01,MSFT,0.0629
2018-08-01,KO,-0.0442
2018-08-01,XOM,-0.0064
2018-08-01,IBM,0.0215
2018-08-01,CVX,-0.053
2018-08-01,AAPL,0.2001
2018-08-01,UTX,-0.0246
2018-08-01,PG,0.0256
2018-08-01,CAT,-0.0344
2018-08-01,WBA,0.0204
2018-08-01,BA,-0.0331
2018-08-01,PFE,0.0483
2018-08-01,JNJ,0.0232
2018-08-01,MMM,-0.0002
2018-08-01,MRK,0.0413
2018-08-01,DIS,-0.0136
2018-08-01,MCD,0.0362
2018-08-01,JPM,-0.0032
2018-08-01,WMT,0.0801
2018-08-01,NKE,0.0714
2018-08-01,AXP,0.0649
2018-08-01,INTC,0.0131
2018-08-01,TRV,0.0112
2018-08-01,VZ,0.0529
2018-08-01,HD,0.0217
2018-08-01,CSCO,0.1296
2018-08-01,GS,0.005
2018-08-01,V,0.0758
2018-08-01,UNH,0.0602
2018-09-01,MSFT,0.0182
2018-09-01,KO,0.0451
2018-09-01,XOM,0.0605
2018-09-01,IBM,0.0323
2018-09-01,CVX,0.0322
2018-09-01,AAPL,-0.0083
2018-09-01,UTX,0.0616
2018-09-01,PG,0.0034
2018-09-01,CAT,0.0982
2018-09-01,WBA,0.0633
2018-09-01,BA,0.0849
2018-09-01,PFE,0.0614
2018-09-01,JNJ,0.0258
2018-09-01,MMM,-0.001
2018-09-01,MRK,0.0413
2018-09-01,DIS,0.0439
2018-09-01,MCD,0.0312
2018-09-01,JPM,-0.0152
2018-09-01,WMT,-0.0203
2018-09-01,NKE,0.0307
2018-09-01,AXP,0.0048
2018-09-01,INTC,-0.0235
2018-09-01,TRV,-0.0085
2018-09-01,VZ,-0.018
2018-09-01,HD,0.0318
2018-09-01,CSCO,0.0184
2018-09-01,GS,-0.0571
2018-09-01,V,0.0218
2018-09-01,UNH,-0.0057
2018-10-01,MSFT,-0.0661
2018-10-01,KO,0.0366
2018-10-01,XOM,-0.0628
2018-10-01,IBM,-0.2366
2018-10-01,CVX,-0.0869
2018-10-01,AAPL,-0.0305
2018-10-01,UTX,-0.1116
2018-10-01,PG,0.0741
2018-10-01,CAT,-0.1988
2018-10-01,WBA,0.0942
2018-10-01,BA,-0.0458
2018-10-01,PFE,-0.0229
2018-10-01,JNJ,0.0132
2018-10-01,MMM,-0.0971
2018-10-01,MRK,0.0376
2018-10-01,DIS,-0.018
2018-10-01,MCD,0.0574
2018-10-01,JPM,-0.0268
2018-10-01,WMT,0.0678
2018-10-01,NKE,-0.1143
2018-10-01,AXP,-0.0316
2018-10-01,INTC,-0.0087
2018-10-01,TRV,-0.0353
2018-10-01,VZ,0.0806
2018-10-01,HD,-0.151
2018-10-01,CSCO,-0.0528
2018-10-01,GS,0.005
2018-10-01,V,-0.0816
2018-10-01,UNH,-0.0176
2018-11-01,MSFT,0.0425
2018-11-01,KO,0.0608
2018-11-01,XOM,0.008
2018-11-01,IBM,0.0902
2018-11-01,CVX,0.0753
2018-11-01,AAPL,-0.1807
2018-11-01,UTX,-0.0132
2018-11-01,PG,0.0657
2018-11-01,CAT,0.1183
2018-11-01,WBA,0.0669
2018-11-01,BA,-0.018
2018-11-01,PFE,0.0815
2018-11-01,JNJ,0.0558
2018-11-01,MMM,0.1
2018-11-01,MRK,0.0778
2018-11-01,DIS,0.0057
2018-11-01,MCD,0.0722
2018-11-01,JPM,0.0199
2018-11-01,WMT,-0.0262
2018-11-01,NKE,0.004
2018-11-01,AXP,0.0929
2018-11-01,INTC,0.0582
2018-11-01,TRV,0.0419
2018-11-01,VZ,0.0562
2018-11-01,HD,0.0311
2018-11-01,CSCO,0.0463
2018-11-01,GS,-0.1503
2018-11-01,V,0.0298
2018-11-01,UNH,0.08
2018-12-01,MSFT,-0.084
2018-12-01,KO,-0.0605
2018-12-01,XOM,-0.1423
2018-12-01,IBM,-0.0853
2018-12-01,CVX,-0.0853
2018-12-01,AAPL,-0.1167
2018-12-01,UTX,-0.1261
2018-12-01,PG,-0.0274
2018-12-01,CAT,-0.0634
2018-12-01,WBA,-0.193
2018-12-01,BA,-0.07
2018-12-01,PFE,-0.0558
2018-12-01,JNJ,-0.1215
2018-12-01,MMM,-0.0836
2018-12-01,MRK,-0.03
2018-12-01,DIS,-0.0429
2018-12-01,MCD,-0.058
2018-12-01,JPM,-0.122
2018-12-01,WMT,-0.0408
2018-12-01,NKE,-0.013
2018-12-01,AXP,-0.151
2018-12-01,INTC,-0.0483
2018-12-01,TRV,-0.0756
2018-12-01,VZ,-0.0677
2018-12-01,HD,-0.0471
2018-12-01,CSCO,-0.0948
2018-12-01,GS,-0.124
2018-12-01,V,-0.0689
2018-12-01,UNH,-0.1146
2019-01-01,MSFT,0.0282
2019-01-01,KO,0.0165
2019-01-01,XOM,0.0746
2019-01-01,IBM,0.1825
2019-01-01,CVX,0.0539
2019-01-01,AAPL,0.0552
2019-01-01,UTX,0.1088
2019-01-01,PG,0.0573
2019-01-01,CAT,0.0547
2019-01-01,WBA,0.0575
2019-01-01,BA,0.1957
2019-01-01,PFE,-0.0192
2019-01-01,JNJ,0.0312
2019-01-01,MMM,0.0512
2019-01-01,MRK,-0.0259
2019-01-01,DIS,0.0171
2019-01-01,MCD,0.0068
2019-01-01,JPM,0.0684
2019-01-01,WMT,0.0288
2019-01-01,NKE,0.1044
2019-01-01,AXP,0.0815
2019-01-01,INTC,0.004
2019-01-01,TRV,0.0484
2019-01-01,VZ,-0.0099
2019-01-01,HD,0.0682
2019-01-01,CSCO,0.099
2019-01-01,GS,0.1853
2019-01-01,V,0.0233
2019-01-01,UNH,0.0846
2019-02-01,MSFT,0.0772
2019-02-01,KO,-0.058
2019-02-01,XOM,0.0897
2019-02-01,IBM,0.0393
2019-02-01,CVX,0.0534
2019-02-01,AAPL,0.0447
2019-02-01,UTX,0.0706
2019-02-01,PG,0.0216
2019-02-01,CAT,0.0314
2019-02-01,WBA,-0.0087
2019-02-01,BA,0.1462
2019-02-01,PFE,0.0212
2019-02-01,JNJ,0.0335
2019-02-01,MMM,0.0426
2019-02-01,MRK,0.0922
2019-02-01,DIS,0.0118
2019-02-01,MCD,0.0348
2019-02-01,JPM,0.0083
2019-02-01,WMT,0.033
2019-02-01,NKE,0.047
2019-02-01,AXP,0.0491
2019-02-01,INTC,0.1306
2019-02-01,TRV,0.0587
2019-02-01,VZ,0.0338
2019-02-01,HD,0.0088
2019-02-01,CSCO,0.0947
2019-02-01,GS,-0.0026
2019-02-01,V,0.099
2019-02-01,UNH,-0.1036
2019-03-01,MSFT,0.0528
2019-03-01,KO,0.0423
2019-03-01,XOM,0.0224
2019-03-01,IBM,0.0215
2019-03-01,CVX,0.0301
2019-03-01,AAPL,0.097
2019-03-01,UTX,0.0256
2019-03-01,PG,0.0558
2019-03-01,CAT,-0.0135
2019-03-01,WBA,-0.1113
2019-03-01,BA,-0.1331
2019-03-01,PFE,-0.0203
2019-03-01,JNJ,0.0231
2019-03-01,MMM,0.0019
2019-03-01,MRK,0.0299
2019-03-01,DIS,-0.016
2019-03-01,MCD,0.033
2019-03-01,JPM,-0.03
2019-03-01,WMT,-0.0094
2019-03-01,NKE,-0.0152
2019-03-01,AXP,0.0145
2019-03-01,INTC,0.014
2019-03-01,TRV,0.0378
2019-03-01,VZ,0.0388
2019-03-01,HD,0.0438
2019-03-01,CSCO,0.0429
2019-03-01,GS,-0.0239
2019-03-01,V,0.0545
2019-03-01,UNH,0.0245
2019-04-01,MSFT,0.1073
2019-04-01,KO,0.0469
2019-04-01,XOM,-0.0064
2019-04-01,IBM,-0.0059
2019-04-01,CVX,-0.0253
2019-04-01,AAPL,0.0564
2019-04-01,UTX,0.1064
2019-04-01,PG,0.0305
2019-04-01,CAT,0.0354
2019-04-01,WBA,-0.1533
2019-04-01,BA,-0.0098
2019-04-01,PFE,-0.0438
2019-04-01,JNJ,0.0101
2019-04-01,MMM,-0.0879
2019-04-01,MRK,-0.0536
2019-04-01,DIS,0.2336
2019-04-01,MCD,0.0404
2019-04-01,JPM,0.1543
2019-04-01,WMT,0.0544
2019-04-01,NKE,0.043
2019-04-01,AXP,0.0761
2019-04-01,INTC,-0.0495
2019-04-01,TRV,0.048
2019-04-01,VZ,-0.0226
2019-04-01,HD,0.0615
2019-04-01,CSCO,0.0428
2019-04-01,GS,0.0726
2019-04-01,V,0.0528
2019-04-01,UNH,-0.0574
2019-05-01,MSFT,-0.0495
2019-05-01,KO,0.0014
2019-05-01,XOM,-0.1076
2019-05-01,IBM,-0.0831
2019-05-01,CVX,-0.0418
2019-05-01,AAPL,-0.1237
2019-05-01,UTX,-0.1092
2019-05-01,PG,-0.0335
2019-05-01,DOW,-0.1634
2019-05-01,CAT,-0.1407
2019-05-01,WBA,-0.0707
2019-05-01,BA,-0.0901
2019-05-01,PFE,0.0313
2019-05-01,JNJ,-0.0644
2019-05-01,MMM,-0.1494
2019-05-01,MRK,0.0064
2019-05-01,DIS,-0.036
2019-05-01,MCD,0.0094
2019-05-01,JPM,-0.0869
2019-05-01,WMT,-0.0085
2019-05-01,NKE,-0.1192
2019-05-01,AXP,-0.0215
2019-05-01,INTC,-0.131
2019-05-01,TRV,0.0127
2019-05-01,VZ,-0.0497
2019-05-01,HD,-0.068
2019-05-01,CSCO,-0.0701
2019-05-01,GS,-0.1097
2019-05-01,V,-0.0173
2019-05-01,UNH,0.0375
2019-06-01,MSFT,0.0831
2019-06-01,KO,0.0446
2019-06-01,XOM,0.0828
2019-06-01,IBM,0.0859
2019-06-01,CVX,0.093
2019-06-01,AAPL,0.1305
2019-06-01,UTX,0.0309
2019-06-01,PG,0.0655
2019-06-01,DOW,0.0545
2019-06-01,CAT,0.1376
2019-06-01,WBA,0.108
2019-06-01,BA,0.0656
2019-06-01,PFE,0.0434
2019-06-01,JNJ,0.062
2019-06-01,MMM,0.0851
2019-06-01,MRK,0.0655
2019-06-01,DIS,0.0576
2019-06-01,MCD,0.0474
2019-06-01,JPM,0.0551
2019-06-01,WMT,0.0892
2019-06-01,NKE,0.0883
2019-06-01,AXP,0.0761
2019-06-01,INTC,0.087
2019-06-01,TRV,0.0328
2019-06-01,VZ,0.0512
2019-06-01,HD,0.1026
2019-06-01,CSCO,0.0519
2019-06-01,GS,0.1212
2019-06-01,V,0.0757
2019-06-01,UNH,0.0136
2019-07-01,MSFT,0.0172
2019-07-01,KO,0.0336
2019-07-01,XOM,-0.0296
2019-07-01,IBM,0.075
2019-07-01,CVX,-0.0107
2019-07-01,AAPL,0.0764
2019-07-01,UTX,0.0261
2019-07-01,PG,0.0833
2019-07-01,DOW,-0.0176
2019-07-01,CAT,-0.0263
2019-07-01,WBA,-0.0033
2019-07-01,BA,-0.0627
2019-07-01,PFE,-0.1034
2019-07-01,JNJ,-0.065
2019-07-01,MMM,0.008
2019-07-01,MRK,-0.0103
2019-07-01,DIS,0.0304
2019-07-01,MCD,0.0147
2019-07-01,JPM,0.0447
2019-07-01,WMT,-0.001
2019-07-01,NKE,0.0248
2019-07-01,AXP,0.0107
2019-07-01,INTC,0.056
2019-07-01,TRV,-0.0194
2019-07-01,VZ,-0.022
2019-07-01,HD,0.0275
2019-07-01,CSCO,0.0186
2019-07-01,GS,0.0759
2019-07-01,V,0.0256
2019-07-01,UNH,0.0205
2019-08-01,MSFT,0.015
2019-08-01,KO,0.0458
2019-08-01,XOM,-0.0674
2019-08-01,IBM,-0.0748
2019-08-01,CVX,-0.0341
2019-08-01,AAPL,-0.0166
2019-08-01,UTX,-0.0196
2019-08-01,PG,0.0186
2019-08-01,DOW,-0.1055
2019-08-01,CAT,-0.0962
2019-08-01,WBA,-0.0522
2019-08-01,BA,0.0732
2019-08-01,PFE,-0.0754
2019-08-01,JNJ,-0.007
2019-08-01,MMM,-0.0662
2019-08-01,MRK,0.0419
2019-08-01,DIS,-0.0402
2019-08-01,MCD,0.0399
2019-08-01,JPM,-0.0529
2019-08-01,WMT,0.04
2019-08-01,NKE,-0.0152
2019-08-01,AXP,-0.0322
2019-08-01,INTC,-0.0559
2019-08-01,TRV,0.0023
2019-08-01,VZ,0.0523
2019-08-01,HD,0.0665
2019-08-01,CSCO,-0.1551
2019-08-01,GS,-0.068
2019-08-01,V,0.0172
2019-08-01,UNH,-0.0603
2019-09-01,MSFT,0.0085
2019-09-01,KO,-0.0036
2019-09-01,XOM,0.0311
2019-09-01,IBM,0.073
2019-09-01,CVX,0.0075
2019-09-01,AAPL,0.073
2019-09-01,UTX,0.0482
2019-09-01,PG,0.0345
2019-09-01,DOW,0.1178
2019-09-01,CAT,0.0614
2019-09-01,WBA,0.0805
2019-09-01,BA,0.045
2019-09-01,PFE,0.0107
2019-09-01,JNJ,0.0079
2019-09-01,MMM,0.0166
2019-09-01,MRK,-0.0201
2019-09-01,DIS,-0.0506
2019-09-01,MCD,-0.015
2019-09-01,JPM,0.0713
2019-09-01,WMT,0.0387
2019-09-01,NKE,0.1115
2019-09-01,AXP,-0.0174
2019-09-01,INTC,0.0869
2019-09-01,TRV,0.0174
2019-09-01,VZ,0.0378
2019-09-01,HD,0.024
2019-09-01,CSCO,0.0555
2019-09-01,GS,0.0163
2019-09-01,V,-0.0487
2019-09-01,UNH,-0.0667
2019-10-01,MSFT,0.0312
2019-10-01,KO,-0.0002
2019-10-01,XOM,-0.0431
2019-10-01,IBM,-0.0804
2019-10-01,CVX,-0.0207
2019-10-01,AAPL,0.1107
2019-10-01,UTX,0.0517
2019-10-01,PG,0.007
2019-10-01,DOW,0.0596
2019-10-01,CAT,0.0991
2019-10-01,WBA,-0.0096
2019-10-01,BA,-0.1066
2019-10-01,PFE,0.0679
2019-10-01,JNJ,0.0206
2019-10-01,MMM,0.0036
2019-10-01,MRK,0.0295
2019-10-01,DIS,-0.0031
2019-10-01,MCD,-0.0839
2019-10-01,JPM,0.0691
2019-10-01,WMT,-0.012
2019-10-01,NKE,-0.0465
2019-10-01,AXP,-0.0048
2019-10-01,INTC,0.097
2019-10-01,TRV,-0.1186
2019-10-01,VZ,0.012
2019-10-01,HD,0.011
2019-10-01,CSCO,-0.0314
2019-10-01,GS,0.0297
2019-10-01,V,0.0398
2019-10-01,UNH,0.1628
2019-11-01,MSFT,0.0594
2019-11-01,KO,-0.0116
2019-11-01,XOM,0.0212
2019-11-01,IBM,0.0175
2019-11-01,CVX,0.0188
2019-11-01,AAPL,0.0774
2019-11-01,UTX,0.0383
2019-11-01,PG,-0.0197
2019-11-01,DOW,0.0709
2019-11-01,CAT,0.0503
2019-11-01,WBA,0.0963
2019-11-01,BA,0.0833
2019-11-01,PFE,0.0133
2019-11-01,JNJ,0.0485
2019-11-01,MMM,0.0377
2019-11-01,MRK,0.006
2019-11-01,DIS,0.1667
2019-11-01,MCD,-0.0049
2019-11-01,JPM,0.0548
2019-11-01,WMT,0.0156
2019-11-01,NKE,0.0467
2019-11-01,AXP,0.0242
2019-11-01,INTC,0.0325
2019-11-01,TRV,0.0432
2019-11-01,VZ,-0.0038
2019-11-01,HD,-0.06
2019-11-01,CSCO,-0.0463
2019-11-01,GS,0.0432
2019-11-01,V,0.0333
2019-11-01,UNH,0.1075
